0	1	1.4285714285714287e-05	0.0001021054940485261
0	2	1.4285714285714287e-05	0.00014439897447623135
0	3	1.4285714285714287e-05	0.00017685190342396916
0	4	1.4285714285714287e-05	0.00020421098809705237
0	5	1.4285714285714287e-05	0.00022831482556870497
0	6	1.4285714285714287e-05	0.00025010636035367376
0	48	1.4285714285714287e-05	5e-05
1	0	1.4285714285714287e-05	0.0001021054940485261
1	2	1.4285714285714287e-05	0.0001496686433923007
1	3	1.4285714285714287e-05	0.00025428964118008975
1	4	1.4285714285714287e-05	0.000299050950449066
1	5	1.4285714285714287e-05	0.0002907697388807265
1	6	1.4285714285714287e-05	0.00024781326782527747
1	7	1.4285714285714287e-05	0.00020063373519913348
1	8	1.4285714285714287e-05	0.00019280932802584366
1	9	1.4285714285714287e-05	0.00024024436285658988
1	48	1.4285714285714287e-05	0.00012006204069988665
1	49	1.4285714285714287e-05	5.000000000000002e-05
2	0	1.4285714285714287e-05	0.00014439897447623135
2	1	1.4285714285714287e-05	0.0001496686433923007
2	3	1.4285714285714287e-05	0.00016107740309251198
2	4	1.4285714285714287e-05	0.0002857757517680506
2	5	1.4285714285714287e-05	0.0003559731017637802
2	6	1.4285714285714287e-05	0.0003699048306227074
2	7	1.4285714285714287e-05	0.00033604413351823366
2	8	1.4285714285714287e-05	0.0002711228140249658
2	9	1.4285714285714287e-05	0.00020464714986660816
2	10	1.4285714285714287e-05	0.00018807028816088738
2	11	1.4285714285714287e-05	0.0002443244538258934
2	48	1.4285714285714287e-05	0.00016226455939003643
2	49	1.4285714285714287e-05	0.00016763294192079039
2	50	1.4285714285714287e-05	5.000000000000002e-05
3	0	1.4285714285714287e-05	0.00017685190342396916
3	1	1.4285714285714287e-05	0.00025428964118008975
3	2	1.4285714285714287e-05	0.00016107740309251198
3	4	1.4285714285714287e-05	0.0001665815109594163
3	5	1.4285714285714287e-05	0.00030271282047464847
3	6	1.4285714285714287e-05	0.0003902592721186575
3	7	1.4285714285714287e-05	0.00042354363842648184
3	8	1.4285714285714287e-05	0.0004058071944863598
3	9	1.4285714285714287e-05	0.0003471987123972899
3	10	1.4285714285714287e-05	0.00026546863204034897
3	11	1.4285714285714287e-05	0.00019478095045689833
3	12	1.4285714285714287e-05	0.00019474951771990696
3	48	1.4285714285714287e-05	0.00019556247301326474
3	50	1.4285714285714287e-05	0.00017931115744753413
3	51	1.4285714285714287e-05	5.0000000000000057e-05
4	0	1.4285714285714287e-05	0.00020421098809705237
4	1	1.4285714285714287e-05	0.000299050950449066
4	2	1.4285714285714287e-05	0.0002857757517680506
4	3	1.4285714285714287e-05	0.0001665815109594163
4	5	1.4285714285714287e-05	0.0001698400759894979
4	6	1.4285714285714287e-05	0.00031337469445690973
4	7	1.4285714285714287e-05	0.00041320440075010326
4	8	1.4285714285714287e-05	0.00046170806016351964
4	9	1.4285714285714287e-05	0.00045898935595305716
4	10	1.4285714285714287e-05	0.0004113499157350132
4	11	1.4285714285714287e-05	0.0003309095016001779
4	12	1.4285714285714287e-05	0.0002391010495852086
4	13	1.4285714285714287e-05	0.0001825367988293462
4	14	1.4285714285714287e-05	0.00021965465349916402
4	48	1.4285714285714287e-05	0.00022396333286519267
4	51	1.4285714285714287e-05	0.00018496918598519382
4	52	1.4285714285714287e-05	5.000000000000002e-05
5	0	1.4285714285714287e-05	0.00022831482556870497
5	1	1.4285714285714287e-05	0.0002907697388807265
5	2	1.4285714285714287e-05	0.0003559731017637802
5	3	1.4285714285714287e-05	0.00030271282047464847
5	4	1.4285714285714287e-05	0.0001698400759894979
5	6	1.4285714285714287e-05	0.00017200003933330452
5	7	1.4285714285714287e-05	0.00032071602645655583
5	8	1.4285714285714287e-05	0.00042962561816566806
5	9	1.4285714285714287e-05	0.0004901014535116445
5	10	1.4285714285714287e-05	0.0005002342807311263
5	11	1.4285714285714287e-05	0.0004637602146859805
5	12	1.4285714285714287e-05	0.00038948598888386674
5	13	1.4285714285714287e-05	0.00029255980795161904
5	14	1.4285714285714287e-05	0.00020354518018254685
5	15	1.4285714285714287e-05	0.00018848155471178483
5	48	1.4285714285714287e-05	0.0002491474825983729
5	52	1.4285714285714287e-05	0.0001883254065619051
5	53	1.4285714285714287e-05	4.999999999999989e-05
6	0	1.4285714285714287e-05	0.00025010636035367376
6	1	1.4285714285714287e-05	0.00024781326782527747
6	2	1.4285714285714287e-05	0.0003699048306227074
6	3	1.4285714285714287e-05	0.0003902592721186575
6	4	1.4285714285714287e-05	0.00031337469445690973
6	5	1.4285714285714287e-05	0.00017200003933330452
6	7	1.4285714285714287e-05	0.00017354002740436333
6	8	1.4285714285714287e-05	0.0003260783483127717
6	9	1.4285714285714287e-05	0.00044193537231505185
6	10	1.4285714285714287e-05	0.000511960453362298
6	11	1.4285714285714287e-05	0.0005328937378722024
6	12	1.4285714285714287e-05	0.0005066454498815879
6	13	1.4285714285714287e-05	0.0004397691430236883
6	14	1.4285714285714287e-05	0.0003438851298022474
6	15	1.4285714285714287e-05	0.00024034831997482825
6	16	1.4285714285714287e-05	0.000180628909853678
6	17	1.4285714285714287e-05	0.00022849830990776158
6	48	1.4285714285714287e-05	0.0002720098558915241
6	49	1.4285714285714287e-05	0.00026960058437885525
6	53	1.4285714285714287e-05	0.0001905526204960068
6	54	1.4285714285714287e-05	5e-05
7	1	1.4285714285714287e-05	0.00020063373519913348
7	2	1.4285714285714287e-05	0.00033604413351823366
7	3	1.4285714285714287e-05	0.00042354363842648184
7	4	1.4285714285714287e-05	0.00041320440075010326
7	5	1.4285714285714287e-05	0.00032071602645655583
7	6	1.4285714285714287e-05	0.00017354002740436333
7	8	1.4285714285714287e-05	0.00017469581221799666
7	9	1.4285714285714287e-05	0.00033016299693566824
7	10	1.4285714285714287e-05	0.0004514796501826446
7	11	1.4285714285714287e-05	0.0005292328388608616
7	12	1.4285714285714287e-05	0.0005592244451943033
7	13	1.4285714285714287e-05	0.0005420128727633039
7	14	1.4285714285714287e-05	0.0004824946145073845
7	15	1.4285714285714287e-05	0.0003900019318187855
7	16	1.4285714285714287e-05	0.000280817243883269
7	17	1.4285714285714287e-05	0.00019201926484026715
7	18	1.4285714285714287e-05	0.0002002293704274753
7	49	1.4285714285714287e-05	0.00022023726348763324
7	54	1.4285714285714287e-05	0.00019214173670647298
7	55	1.4285714285714287e-05	5.000000000000009e-05
8	1	1.4285714285714287e-05	0.00019280932802584366
8	2	1.4285714285714287e-05	0.0002711228140249658
8	3	1.4285714285714287e-05	0.0004058071944863598
8	4	1.4285714285714287e-05	0.00046170806016351964
8	5	1.4285714285714287e-05	0.00042962561816566806
8	6	1.4285714285714287e-05	0.0003260783483127717
8	7	1.4285714285714287e-05	0.00017469581221799666
8	9	1.4285714285714287e-05	0.0001755971490873858
8	10	1.4285714285714287e-05	0.0003333733883346612
8	11	1.4285714285714287e-05	0.0004590699898208784
8	12	1.4285714285714287e-05	0.0005431562073570938
8	13	1.4285714285714287e-05	0.0005807623837036931
8	14	1.4285714285714287e-05	0.0005714169414771751
8	15	1.4285714285714287e-05	0.0005187418034546917
8	16	1.4285714285714287e-05	0.00043043321698352314
8	17	1.4285714285714287e-05	0.0003197200752485546
8	18	1.4285714285714287e-05	0.00021419559793166585
8	19	1.4285714285714287e-05	0.00018411406665423428
8	49	1.4285714285714287e-05	0.00021209953720910618
8	55	1.4285714285714287e-05	0.0001933350217524138
8	56	1.4285714285714287e-05	4.9999999999999725e-05
9	1	1.4285714285714287e-05	0.00024024436285658988
9	2	1.4285714285714287e-05	0.00020464714986660816
9	3	1.4285714285714287e-05	0.0003471987123972899
9	4	1.4285714285714287e-05	0.00045898935595305716
9	5	1.4285714285714287e-05	0.0004901014535116445
9	6	1.4285714285714287e-05	0.00044193537231505185
9	7	1.4285714285714287e-05	0.00033016299693566824
9	8	1.4285714285714287e-05	0.0001755971490873858
9	10	1.4285714285714287e-05	0.0001763213999261873
9	11	1.4285714285714287e-05	0.0003359583423189649
9	12	1.4285714285714287e-05	0.00046522514551702984
9	13	1.4285714285714287e-05	0.0005545530865033159
9	14	1.4285714285714287e-05	0.0005985783233132177
9	15	1.4285714285714287e-05	0.0005960258518836793
9	16	1.4285714285714287e-05	0.0005495084711825332
9	17	1.4285714285714287e-05	0.0004654796914652989
9	18	1.4285714285714287e-05	0.00035515009777107757
9	19	1.4285714285714287e-05	0.00024029407945063574
9	20	1.4285714285714287e-05	0.00017920566987498663
9	21	1.4285714285714287e-05	0.00024051855952203976
9	49	1.4285714285714287e-05	0.0002616537600600542
9	50	1.4285714285714287e-05	0.00022441786521328215
9	56	1.4285714285714287e-05	0.00019426597016202206
9	57	1.4285714285714287e-05	5.000000000000048e-05
10	2	1.4285714285714287e-05	0.00018807028816088738
10	3	1.4285714285714287e-05	0.00026546863204034897
10	4	1.4285714285714287e-05	0.0004113499157350132
10	5	1.4285714285714287e-05	0.0005002342807311263
10	6	1.4285714285714287e-05	0.000511960453362298
10	7	1.4285714285714287e-05	0.0004514796501826446
10	8	1.4285714285714287e-05	0.0003333733883346612
10	9	1.4285714285714287e-05	0.0001763213999261873
10	11	1.4285714285714287e-05	0.00017691758399348396
10	12	1.4285714285714287e-05	0.0003380797466399887
10	13	1.4285714285714287e-05	0.0004702921766024468
10	14	1.4285714285714287e-05	0.0005639905785902277
10	15	1.4285714285714287e-05	0.0006134371441021381
10	16	1.4285714285714287e-05	0.0006167170057651357
10	17	1.4285714285714287e-05	0.0005756272288413463
10	18	1.4285714285714287e-05	0.0004956411009787044
10	19	1.4285714285714287e-05	0.00038653577006392075
10	20	1.4285714285714287e-05	0.0002664313792820528
10	21	1.4285714285714287e-05	0.00018271440343255486
10	22	1.4285714285714287e-05	0.00021978574796548912
10	50	1.4285714285714287e-05	0.0002071795171588963
10	57	1.4285714285714287e-05	0.00019501424437916732
10	58	1.4285714285714287e-05	5.0000000000000185e-05
11	2	1.4285714285714287e-05	0.0002443244538258934
11	3	1.4285714285714287e-05	0.00019478095045689833
11	4	1.4285714285714287e-05	0.0003309095016001779
11	5	1.4285714285714287e-05	0.0004637602146859805
11	6	1.4285714285714287e-05	0.0005328937378722024
11	7	1.4285714285714287e-05	0.0005292328388608616
11	8	1.4285714285714287e-05	0.0004590699898208784
11	9	1.4285714285714287e-05	0.0003359583423189649
11	10	1.4285714285714287e-05	0.00017691758399348396
11	12	1.4285714285714287e-05	0.00017741829095292596
11	13	1.4285714285714287e-05	0.0003398474717797713
11	14	1.4285714285714287e-05	0.0004745118689872448
11	15	1.4285714285714287e-05	0.0005718715699915499
11	16	1.4285714285714287e-05	0.0006258972285070952
11	17	1.4285714285714287e-05	0.0006341544118062111
11	18	1.4285714285714287e-05	0.0005977699857939628
11	19	1.4285714285714287e-05	0.0005214252720793908
11	20	1.4285714285714287e-05	0.00041382777681941567
11	21	1.4285714285714287e-05	0.00029069799310363386
11	22	1.4285714285714287e-05	0.00019123324461707748
11	23	1.4285714285714287e-05	0.00020443540209621458
11	50	1.4285714285714287e-05	0.0002659364880940477
11	51	1.4285714285714287e-05	0.00021414846295006985
11	58	1.4285714285714287e-05	0.00019563035559395881
11	59	1.4285714285714287e-05	4.999999999999953e-05
12	3	1.4285714285714287e-05	0.00019474951771990696
12	4	1.4285714285714287e-05	0.0002391010495852086
12	5	1.4285714285714287e-05	0.00038948598888386674
12	6	1.4285714285714287e-05	0.0005066454498815879
12	7	1.4285714285714287e-05	0.0005592244451943033
12	8	1.4285714285714287e-05	0.0005431562073570938
12	9	1.4285714285714287e-05	0.00046522514551702984
12	10	1.4285714285714287e-05	0.0003380797466399887
12	11	1.4285714285714287e-05	0.00017741829095292596
12	13	1.4285714285714287e-05	0.00017784605142257212
12	14	1.4285714285714287e-05	0.00034133867457647346
12	15	1.4285714285714287e-05	0.0004780562592781173
12	16	1.4285714285714287e-05	0.0005784893510255158
12	17	1.4285714285714287e-05	0.0006363737498340519
12	18	1.4285714285714287e-05	0.0006488451493110133
12	19	1.4285714285714287e-05	0.0006164723292874132
12	20	1.4285714285714287e-05	0.0005432867519499293
12	21	1.4285714285714287e-05	0.000437172411539995
12	22	1.4285714285714287e-05	0.0003122103884348905
12	23	1.4285714285714287e-05	0.00020187299318000815
12	24	1.4285714285714287e-05	0.00019378189511185272
12	51	1.4285714285714287e-05	0.00021411578884102177
12	52	1.4285714285714287e-05	0.00026045413506357016
12	59	1.4285714285714287e-05	0.00019614790327609412
12	60	1.4285714285714287e-05	5.000000000000027e-05
13	4	1.4285714285714287e-05	0.0001825367988293462
13	5	1.4285714285714287e-05	0.00029255980795161904
13	6	1.4285714285714287e-05	0.0004397691430236883
13	7	1.4285714285714287e-05	0.0005420128727633039
13	8	1.4285714285714287e-05	0.0005807623837036931
13	9	1.4285714285714287e-05	0.0005545530865033159
13	10	1.4285714285714287e-05	0.0004702921766024468
13	11	1.4285714285714287e-05	0.0003398474717797713
13	12	1.4285714285714287e-05	0.00017784605142257212
13	14	1.4285714285714287e-05	0.000178216958349277
13	15	1.4285714285714287e-05	0.00034260907795977325
13	16	1.4285714285714287e-05	0.00048105122953507175
13	17	1.4285714285714287e-05	0.0005840616555983826
13	18	1.4285714285714287e-05	0.0006451799651525162
13	19	1.4285714285714287e-05	0.0006611794830555626
13	20	1.4285714285714287e-05	0.0006321588546866332
13	21	1.4285714285714287e-05	0.000561611159892545
13	22	1.4285714285714287e-05	0.0004567756756608957
13	23	1.4285714285714287e-05	0.00033058520739405787
13	24	1.4285714285714287e-05	0.00021262358432107178
13	25	1.4285714285714287e-05	0.00018689570864749625
13	52	1.4285714285714287e-05	0.00020144388208804742
13	60	1.4285714285714287e-05	0.0001965901262063505
13	61	1.4285714285714287e-05	4.999999999999996e-05
14	4	1.4285714285714287e-05	0.00021965465349916402
14	5	1.4285714285714287e-05	0.00020354518018254685
14	6	1.4285714285714287e-05	0.0003438851298022474
14	7	1.4285714285714287e-05	0.0004824946145073845
14	8	1.4285714285714287e-05	0.0005714169414771751
14	9	1.4285714285714287e-05	0.0005985783233132177
14	10	1.4285714285714287e-05	0.0005639905785902277
14	11	1.4285714285714287e-05	0.0004745118689872448
14	12	1.4285714285714287e-05	0.00034133867457647346
14	13	1.4285714285714287e-05	0.000178216958349277
14	15	1.4285714285714287e-05	0.00017854283131791805
14	16	1.4285714285714287e-05	0.00034369986807241505
14	17	1.4285714285714287e-05	0.0004835906696573177
14	18	1.4285714285714287e-05	0.0005887526016842352
14	19	1.4285714285714287e-05	0.0006525547943214386
14	20	1.4285714285714287e-05	0.0006714592769890417
14	21	1.4285714285714287e-05	0.0006451646091091286
14	22	1.4285714285714287e-05	0.0005767157005800488
14	23	1.4285714285714287e-05	0.0004728451095724892
14	24	1.4285714285714287e-05	0.0003456777943405985
14	25	1.4285714285714287e-05	0.00022222075329743406
14	26	1.4285714285714287e-05	0.00018277262694151104
14	52	1.4285714285714287e-05	0.00024008490594272904
14	53	1.4285714285714287e-05	0.00022326957537098006
14	61	1.4285714285714287e-05	0.00019697362910738752
14	62	1.4285714285714287e-05	5.000000000000004e-05
15	5	1.4285714285714287e-05	0.00018848155471178483
15	6	1.4285714285714287e-05	0.00024034831997482825
15	7	1.4285714285714287e-05	0.0003900019318187855
15	8	1.4285714285714287e-05	0.0005187418034546917
15	9	1.4285714285714287e-05	0.0005960258518836793
15	10	1.4285714285714287e-05	0.0006134371441021381
15	11	1.4285714285714287e-05	0.0005718715699915499
15	12	1.4285714285714287e-05	0.0004780562592781173
15	13	1.4285714285714287e-05	0.00034260907795977325
15	14	1.4285714285714287e-05	0.00017854283131791805
15	16	1.4285714285714287e-05	0.00017883256546098673
15	17	1.4285714285714287e-05	0.00034464207414250256
15	18	1.4285714285714287e-05	0.0004857456559615232
15	19	1.4285714285714287e-05	0.0005926872376312576
15	20	1.4285714285714287e-05	0.0006586816223064862
15	21	1.4285714285714287e-05	0.0006799182062472531
15	22	1.4285714285714287e-05	0.0006557520093971336
15	23	1.4285714285714287e-05	0.0005888548130863023
15	24	1.4285714285714287e-05	0.0004855648189046709
15	25	1.4285714285714287e-05	0.00035745305574389706
15	26	1.4285714285714287e-05	0.00022990689956805556
15	27	1.4285714285714287e-05	0.0001804971559904523
15	53	1.4285714285714287e-05	0.0002076062109353643
15	54	1.4285714285714287e-05	0.00026176284777249903
15	62	1.4285714285714287e-05	0.00019731061115486613
15	63	1.4285714285714287e-05	4.9999999999999826e-05
16	6	1.4285714285714287e-05	0.000180628909853678
16	7	1.4285714285714287e-05	0.000280817243883269
16	8	1.4285714285714287e-05	0.00043043321698352314
16	9	1.4285714285714287e-05	0.0005495084711825332
16	10	1.4285714285714287e-05	0.0006167170057651357
16	11	1.4285714285714287e-05	0.0006258972285070952
16	12	1.4285714285714287e-05	0.0005784893510255158
16	13	1.4285714285714287e-05	0.00048105122953507175
16	14	1.4285714285714287e-05	0.00034369986807241505
16	15	1.4285714285714287e-05	0.00017883256546098673
16	17	1.4285714285714287e-05	0.00017909300285360967
16	18	1.4285714285714287e-05	0.00034545943971693534
16	19	1.4285714285714287e-05	0.0004875705669372256
16	20	1.4285714285714287e-05	0.0005959614109978427
16	21	1.4285714285714287e-05	0.0006637013330010304
16	22	1.4285714285714287e-05	0.0006867362058102371
16	23	1.4285714285714287e-05	0.000664123751532822
16	24	1.4285714285714287e-05	0.0005982267317064538
16	25	1.4285714285714287e-05	0.0004950851233039287
16	26	1.4285714285714287e-05	0.0003659203385763182
16	27	1.4285714285714287e-05	0.0002352413673633567
16	28	1.4285714285714287e-05	0.00017935888553269937
16	54	1.4285714285714287e-05	0.00019946873174203294
16	63	1.4285714285714287e-05	0.00019761025557353496
16	64	1.4285714285714287e-05	5.0000000000000016e-05
17	6	1.4285714285714287e-05	0.00022849830990776158
17	7	1.4285714285714287e-05	0.00019201926484026715
17	8	1.4285714285714287e-05	0.0003197200752485546
17	9	1.4285714285714287e-05	0.0004654796914652989
17	10	1.4285714285714287e-05	0.0005756272288413463
17	11	1.4285714285714287e-05	0.0006341544118062111
17	12	1.4285714285714287e-05	0.0006363737498340519
17	13	1.4285714285714287e-05	0.0005840616555983826
17	14	1.4285714285714287e-05	0.0004835906696573177
17	15	1.4285714285714287e-05	0.00034464207414250256
17	16	1.4285714285714287e-05	0.00017909300285360967
17	18	1.4285714285714287e-05	0.00017932951331713147
17	19	1.4285714285714287e-05	0.000346170355952298
17	20	1.4285714285714287e-05	0.0004891072507028191
17	21	1.4285714285714287e-05	0.0005986485833254332
17	22	1.4285714285714287e-05	0.0006677214482959108
17	23	1.4285714285714287e-05	0.0006920498133087507
17	24	1.4285714285714287e-05	0.0006704324321014155
17	25	1.4285714285714287e-05	0.000604979363608734
17	26	1.4285714285714287e-05	0.0005015186540186717
17	27	1.4285714285714287e-05	0.00037109984924554244
17	28	1.4285714285714287e-05	0.00023797960734061005
17	29	1.4285714285714287e-05	0.000178914472016879
17	54	1.4285714285714287e-05	0.00024933964816967126
17	55	1.4285714285714287e-05	0.00021127882206031982
17	64	1.4285714285714287e-05	0.0001978796276848933
17	65	1.4285714285714287e-05	5.0000000000000226e-05
18	7	1.4285714285714287e-05	0.0002002293704274753
18	8	1.4285714285714287e-05	0.00021419559793166585
18	9	1.4285714285714287e-05	0.00035515009777107757
18	10	1.4285714285714287e-05	0.0004956411009787044
18	11	1.4285714285714287e-05	0.0005977699857939628
18	12	1.4285714285714287e-05	0.0006488451493110133
18	13	1.4285714285714287e-05	0.0006451799651525162
18	14	1.4285714285714287e-05	0.0005887526016842352
18	15	1.4285714285714287e-05	0.0004857456559615232
18	16	1.4285714285714287e-05	0.00034545943971693534
18	17	1.4285714285714287e-05	0.00017932951331713147
18	19	1.4285714285714287e-05	0.0001795463925091738
18	20	1.4285714285714287e-05	0.0003467891925757407
18	21	1.4285714285714287e-05	0.0004903879133505512
18	22	1.4285714285714287e-05	0.0006008045892083354
18	23	1.4285714285714287e-05	0.0006708225620979166
18	24	1.4285714285714287e-05	0.0006959595231652606
18	25	1.4285714285714287e-05	0.000674787521851412
18	26	1.4285714285714287e-05	0.0006092149274354082
18	27	1.4285714285714287e-05	0.0005049391409289139
18	28	1.4285714285714287e-05	0.0003730052084534389
18	29	1.4285714285714287e-05	0.000238005257599485
18	30	1.4285714285714287e-05	0.00017901287201404654
18	55	1.4285714285714287e-05	0.00021981628896300317
18	56	1.4285714285714287e-05	0.00023438004345398066
18	65	1.4285714285714287e-05	0.00019812427368860988
18	66	1.4285714285714287e-05	5.0000000000000057e-05
19	8	1.4285714285714287e-05	0.00018411406665423428
19	9	1.4285714285714287e-05	0.00024029407945063574
19	10	1.4285714285714287e-05	0.00038653577006392075
19	11	1.4285714285714287e-05	0.0005214252720793908
19	12	1.4285714285714287e-05	0.0006164723292874132
19	13	1.4285714285714287e-05	0.0006611794830555626
19	14	1.4285714285714287e-05	0.0006525547943214386
19	15	1.4285714285714287e-05	0.0005926872376312576
19	16	1.4285714285714287e-05	0.0004875705669372256
19	17	1.4285714285714287e-05	0.000346170355952298
19	18	1.4285714285714287e-05	0.0001795463925091738
19	20	1.4285714285714287e-05	0.00017974714190265004
19	21	1.4285714285714287e-05	0.00034732723045851347
19	22	1.4285714285714287e-05	0.0004914371414803842
19	23	1.4285714285714287e-05	0.0006024709675824848
19	24	1.4285714285714287e-05	0.0006730628348960295
19	25	1.4285714285714287e-05	0.0006985348996800132
19	26	1.4285714285714287e-05	0.0006772601839546146
19	27	1.4285714285714287e-05	0.000610993198142178
19	28	1.4285714285714287e-05	0.0005053811050384096
19	29	1.4285714285714287e-05	0.0003716347781844533
19	30	1.4285714285714287e-05	0.00023529952444809138
19	31	1.4285714285714287e-05	0.00017980407674860296
19	56	1.4285714285714287e-05	0.00020307771781817826
19	57	1.4285714285714287e-05	0.0002617059301015522
19	66	1.4285714285714287e-05	0.00019834863120434722
19	67	1.4285714285714287e-05	5.000000000000026e-05
20	9	1.4285714285714287e-05	0.00017920566987498663
20	10	1.4285714285714287e-05	0.0002664313792820528
20	11	1.4285714285714287e-05	0.00041382777681941567
20	12	1.4285714285714287e-05	0.0005432867519499293
20	13	1.4285714285714287e-05	0.0006321588546866332
20	14	1.4285714285714287e-05	0.0006714592769890417
20	15	1.4285714285714287e-05	0.0006586816223064862
20	16	1.4285714285714287e-05	0.0005959614109978427
20	17	1.4285714285714287e-05	0.0004891072507028191
20	18	1.4285714285714287e-05	0.0003467891925757407
20	19	1.4285714285714287e-05	0.00017974714190265004
20	21	1.4285714285714287e-05	0.00017993467063971878
20	22	1.4285714285714287e-05	0.0003477933231720195
20	23	1.4285714285714287e-05	0.0004922733197103075
20	24	1.4285714285714287e-05	0.0006036772657424249
20	25	1.4285714285714287e-05	0.0006744810430385144
20	26	1.4285714285714287e-05	0.0006998179404837537
20	27	1.4285714285714287e-05	0.0006778862818769153
20	28	1.4285714285714287e-05	0.0006103333388461803
20	29	1.4285714285714287e-05	0.0005028396027676712
20	30	1.4285714285714287e-05	0.0003669683919082934
20	31	1.4285714285714287e-05	0.000229939911173123
20	32	1.4285714285714287e-05	0.00018173959751393776
20	57	1.4285714285714287e-05	0.00019799616768395942
20	67	1.4285714285714287e-05	0.00019855631809114033
20	68	1.4285714285714287e-05	5.000000000000008e-05
21	9	1.4285714285714287e-05	0.00024051855952203976
21	10	1.4285714285714287e-05	0.00018271440343255486
21	11	1.4285714285714287e-05	0.00029069799310363386
21	12	1.4285714285714287e-05	0.000437172411539995
21	13	1.4285714285714287e-05	0.000561611159892545
21	14	1.4285714285714287e-05	0.0006451646091091286
21	15	1.4285714285714287e-05	0.0006799182062472531
21	16	1.4285714285714287e-05	0.0006637013330010304
21	17	1.4285714285714287e-05	0.0005986485833254332
21	18	1.4285714285714287e-05	0.0004903879133505512
21	19	1.4285714285714287e-05	0.00034732723045851347
21	20	1.4285714285714287e-05	0.00017993467063971878
21	22	1.4285714285714287e-05	0.00018011144477831446
21	23	1.4285714285714287e-05	0.0003481943688004698
21	24	1.4285714285714287e-05	0.000492909609704282
21	25	1.4285714285714287e-05	0.0006044425715576557
21	26	1.4285714285714287e-05	0.0006750984960805385
21	27	1.4285714285714287e-05	0.000699824997939694
21	28	1.4285714285714287e-05	0.0006766677891973501
21	29	1.4285714285714287e-05	0.0006072143223077652
21	30	1.4285714285714287e-05	0.0004972696407974607
21	31	1.4285714285714287e-05	0.000358968406377942
21	32	1.4285714285714287e-05	0.00022212856127330592
21	33	1.4285714285714287e-05	0.00018555615195579506
21	57	1.4285714285714287e-05	0.0002619414928666475
21	58	1.4285714285714287e-05	0.00020162781333568768
21	68	1.4285714285714287e-05	0.0001987503407313495
21	69	1.4285714285714287e-05	4.9999999999999975e-05
22	10	1.4285714285714287e-05	0.00021978574796548912
22	11	1.4285714285714287e-05	0.00019123324461707748
22	12	1.4285714285714287e-05	0.0003122103884348905
22	13	1.4285714285714287e-05	0.0004567756756608957
22	14	1.4285714285714287e-05	0.0005767157005800488
22	15	1.4285714285714287e-05	0.0006557520093971336
22	16	1.4285714285714287e-05	0.0006867362058102371
22	17	1.4285714285714287e-05	0.0006677214482959108
22	18	1.4285714285714287e-05	0.0006008045892083354
22	19	1.4285714285714287e-05	0.0004914371414803842
22	20	1.4285714285714287e-05	0.0003477933231720195
22	21	1.4285714285714287e-05	0.00018011144477831446
22	23	1.4285714285714287e-05	0.00018027960071035864
22	24	1.4285714285714287e-05	0.0003485356445792976
22	25	1.4285714285714287e-05	0.0004933545966303225
22	26	1.4285714285714287e-05	0.0006047764323555673
22	27	1.4285714285714287e-05	0.0006749200081909864
22	28	1.4285714285714287e-05	0.0006985474259008532
22	29	1.4285714285714287e-05	0.0006735726942034889
22	30	1.4285714285714287e-05	0.0006015739171886608
22	31	1.4285714285714287e-05	0.0004885851684238952
22	32	1.4285714285714287e-05	0.0003475857849859355
22	33	1.4285714285714287e-05	0.00021225920644767492
22	34	1.4285714285714287e-05	0.0001922203264114693
22	58	1.4285714285714287e-05	0.00024022198069702014
22	59	1.4285714285714287e-05	0.00021046249437648337
22	69	1.4285714285714287e-05	0.00019893324807261872
22	70	1.4285714285714287e-05	4.999999999999944e-05
23	11	1.4285714285714287e-05	0.00020443540209621458
23	12	1.4285714285714287e-05	0.00020187299318000815
23	13	1.4285714285714287e-05	0.00033058520739405787
23	14	1.4285714285714287e-05	0.0004728451095724892
23	15	1.4285714285714287e-05	0.0005888548130863023
23	16	1.4285714285714287e-05	0.000664123751532822
23	17	1.4285714285714287e-05	0.0006920498133087507
23	18	1.4285714285714287e-05	0.0006708225620979166
23	19	1.4285714285714287e-05	0.0006024709675824848
23	20	1.4285714285714287e-05	0.0004922733197103075
23	21	1.4285714285714287e-05	0.0003481943688004698
23	22	1.4285714285714287e-05	0.00018027960071035864
23	24	1.4285714285714287e-05	0.00018044103414327134
23	25	1.4285714285714287e-05	0.00034882103837740604
23	26	1.4285714285714287e-05	0.0004936126678849959
23	27	1.4285714285714287e-05	0.0006046792495461863
23	28	1.4285714285714287e-05	0.0006739340120793456
23	29	1.4285714285714287e-05	0.0006959510018404672
23	30	1.4285714285714287e-05	0.0006685333776606925
23	31	1.4285714285714287e-05	0.0005933061663245621
23	32	1.4285714285714287e-05	0.0004766578184485348
23	33	1.4285714285714287e-05	0.00033277412384111313
23	34	1.4285714285714287e-05	0.0002010413864911551
23	35	1.4285714285714287e-05	0.00020281298917142852
23	59	1.4285714285714287e-05	0.00022419719287204235
23	60	1.4285714285714287e-05	0.00022152769675390987
23	70	1.4285714285714287e-05	0.000199107248722997
23	71	1.4285714285714287e-05	5.0000000000000124e-05
24	12	1.4285714285714287e-05	0.00019378189511185272
24	13	1.4285714285714287e-05	0.00021262358432107178
24	14	1.4285714285714287e-05	0.0003456777943405985
24	15	1.4285714285714287e-05	0.0004855648189046709
24	16	1.4285714285714287e-05	0.0005982267317064538
24	17	1.4285714285714287e-05	0.0006704324321014155
24	18	1.4285714285714287e-05	0.0006959595231652606
24	19	1.4285714285714287e-05	0.0006730628348960295
24	20	1.4285714285714287e-05	0.0006036772657424249
24	21	1.4285714285714287e-05	0.000492909609704282
24	22	1.4285714285714287e-05	0.0003485356445792976
24	23	1.4285714285714287e-05	0.00018044103414327134
24	25	1.4285714285714287e-05	0.00018059747267989905
24	26	1.4285714285714287e-05	0.00034905319847252996
24	27	1.4285714285714287e-05	0.0004936841589172633
24	28	1.4285714285714287e-05	0.0006041421832229881
24	29	1.4285714285714287e-05	0.0006721118197708288
24	30	1.4285714285714287e-05	0.0006919740629351648
24	31	1.4285714285714287e-05	0.0006614433223864914
24	32	1.4285714285714287e-05	0.0005822572329585323
24	33	1.4285714285714287e-05	0.00046131595797611663
24	34	1.4285714285714287e-05	0.0003145183539925482
24	35	1.4285714285714287e-05	0.00018970586308347977
24	36	1.4285714285714287e-05	0.0002183591038507173
24	60	1.4285714285714287e-05	0.00021311009327344992
24	61	1.4285714285714287e-05	0.0002327384518774913
24	71	1.4285714285714287e-05	0.00019927430284536588
24	72	1.4285714285714287e-05	4.999999999999995e-05
25	13	1.4285714285714287e-05	0.00018689570864749625
25	14	1.4285714285714287e-05	0.00022222075329743406
25	15	1.4285714285714287e-05	0.00035745305574389706
25	16	1.4285714285714287e-05	0.0004950851233039287
25	17	1.4285714285714287e-05	0.000604979363608734
25	18	1.4285714285714287e-05	0.000674787521851412
25	19	1.4285714285714287e-05	0.0006985348996800132
25	20	1.4285714285714287e-05	0.0006744810430385144
25	21	1.4285714285714287e-05	0.0006044425715576557
25	22	1.4285714285714287e-05	0.0004933545966303225
25	23	1.4285714285714287e-05	0.00034882103837740604
25	24	1.4285714285714287e-05	0.00018059747267989905
25	26	1.4285714285714287e-05	0.00018075053795944232
25	27	1.4285714285714287e-05	0.00034923361394812553
25	28	1.4285714285714287e-05	0.0004935652764862411
25	29	1.4285714285714287e-05	0.000603146551247105
25	30	1.4285714285714287e-05	0.0006694059503990577
25	31	1.4285714285714287e-05	0.0006865241731851557
25	32	1.4285714285714287e-05	0.0006521518759032181
25	33	1.4285714285714287e-05	0.0005682194563108908
25	34	1.4285714285714287e-05	0.0004423453667394634
25	35	1.4285714285714287e-05	0.00029289270631822017
25	36	1.4285714285714287e-05	0.00018028741451155792
25	37	1.4285714285714287e-05	0.00023964923936787059
25	61	1.4285714285714287e-05	0.0002059611777866323
25	62	1.4285714285714287e-05	0.0002427687040222889
25	72	1.4285714285714287e-05	0.0001994361971397422
25	73	1.4285714285714287e-05	4.9999999999999894e-05
26	14	1.4285714285714287e-05	0.00018277262694151104
26	15	1.4285714285714287e-05	0.00022990689956805556
26	16	1.4285714285714287e-05	0.0003659203385763182
26	17	1.4285714285714287e-05	0.0005015186540186717
26	18	1.4285714285714287e-05	0.0006092149274354082
26	19	1.4285714285714287e-05	0.0006772601839546146
26	20	1.4285714285714287e-05	0.0006998179404837537
26	21	1.4285714285714287e-05	0.0006750984960805385
26	22	1.4285714285714287e-05	0.0006047764323555673
26	23	1.4285714285714287e-05	0.0004936126678849959
26	24	1.4285714285714287e-05	0.00034905319847252996
26	25	1.4285714285714287e-05	0.00018075053795944232
26	27	1.4285714285714287e-05	0.00018090180211007134
26	28	1.4285714285714287e-05	0.0003493626306952007
26	29	1.4285714285714287e-05	0.000493247786469298
26	30	1.4285714285714287e-05	0.0006016626544504556
26	31	1.4285714285714287e-05	0.0006657473474352365
26	32	1.4285714285714287e-05	0.0006794729887200252
26	33	1.4285714285714287e-05	0.0006404566180866372
26	34	1.4285714285714287e-05	0.0005509234819166548
26	35	1.4285714285714287e-05	0.000419494492306301
26	36	1.4285714285714287e-05	0.00026817990301343346
26	37	1.4285714285714287e-05	0.0001758404683774907
26	62	1.4285714285714287e-05	0.00020168811328130407
26	63	1.4285714285714287e-05	0.0002508150883340062
26	73	1.4285714285714287e-05	0.00019959460906727287
26	74	1.4285714285714287e-05	5.000000000000012e-05
27	15	1.4285714285714287e-05	0.0001804971559904523
27	16	1.4285714285714287e-05	0.0002352413673633567
27	17	1.4285714285714287e-05	0.00037109984924554244
27	18	1.4285714285714287e-05	0.0005049391409289139
27	19	1.4285714285714287e-05	0.000610993198142178
27	20	1.4285714285714287e-05	0.0006778862818769153
27	21	1.4285714285714287e-05	0.000699824997939694
27	22	1.4285714285714287e-05	0.0006749200081909864
27	23	1.4285714285714287e-05	0.0006046792495461863
27	24	1.4285714285714287e-05	0.0004936841589172633
27	25	1.4285714285714287e-05	0.00034923361394812553
27	26	1.4285714285714287e-05	0.00018090180211007134
27	28	1.4285714285714287e-05	0.00018105284268461823
27	29	1.4285714285714287e-05	0.0003494394011615699
27	30	1.4285714285714287e-05	0.0004927184274222688
27	31	1.4285714285714287e-05	0.0005996478944387653
27	32	1.4285714285714287e-05	0.0006610411794565268
27	33	1.4285714285714287e-05	0.0006706487853401236
27	34	1.4285714285714287e-05	0.0006260926680247411
27	35	1.4285714285714287e-05	0.0005300285178063171
27	36	1.4285714285714287e-05	0.0003924909689665534
27	37	1.4285714285714287e-05	0.00024112278699243067
27	38	1.4285714285714287e-05	0.00018014312527477738
27	63	1.4285714285714287e-05	0.00019933238091372226
27	64	1.4285714285714287e-05	0.000256405930216649
27	74	1.4285714285714287e-05	0.00019975116522219453
27	75	1.4285714285714287e-05	5.000000000000036e-05
28	16	1.4285714285714287e-05	0.00017935888553269937
28	17	1.4285714285714287e-05	0.00023797960734061005
28	18	1.4285714285714287e-05	0.0003730052084534389
28	19	1.4285714285714287e-05	0.0005053811050384096
28	20	1.4285714285714287e-05	0.0006103333388461803
28	21	1.4285714285714287e-05	0.0006766677891973501
28	22	1.4285714285714287e-05	0.0006985474259008532
28	23	1.4285714285714287e-05	0.0006739340120793456
28	24	1.4285714285714287e-05	0.0006041421832229881
28	25	1.4285714285714287e-05	0.0004935652764862411
28	26	1.4285714285714287e-05	0.0003493626306952007
28	27	1.4285714285714287e-05	0.00018105284268461823
28	29	1.4285714285714287e-05	0.0001812053002072581
28	30	1.4285714285714287e-05	0.00034946175845283745
28	31	1.4285714285714287e-05	0.0004919579777289704
28	32	1.4285714285714287e-05	0.0005970439606306889
28	33	1.4285714285714287e-05	0.0006551607348313058
28	34	1.4285714285714287e-05	0.0006598258192292793
28	35	1.4285714285714287e-05	0.0006087179833738324
28	36	1.4285714285714287e-05	0.0005051113788709752
28	37	1.4285714285714287e-05	0.000361085153166347
28	38	1.4285714285714287e-05	0.00021346141856781484
28	39	1.4285714285714287e-05	0.00019646215705719147
28	64	1.4285714285714287e-05	0.00019815465769236812
28	65	1.4285714285714287e-05	0.00025927766365146265
28	75	1.4285714285714287e-05	0.00019990749816332885
28	76	1.4285714285714287e-05	5.0000000000000273e-05
29	17	1.4285714285714287e-05	0.000178914472016879
29	18	1.4285714285714287e-05	0.000238005257599485
29	19	1.4285714285714287e-05	0.0003716347781844533
29	20	1.4285714285714287e-05	0.0005028396027676712
29	21	1.4285714285714287e-05	0.0006072143223077652
29	22	1.4285714285714287e-05	0.0006735726942034889
29	23	1.4285714285714287e-05	0.0006959510018404672
29	24	1.4285714285714287e-05	0.0006721118197708288
29	25	1.4285714285714287e-05	0.000603146551247105
29	26	1.4285714285714287e-05	0.000493247786469298
29	27	1.4285714285714287e-05	0.0003494394011615699
29	28	1.4285714285714287e-05	0.0001812053002072581
29	30	1.4285714285714287e-05	0.00018136094296165614
29	31	1.4285714285714287e-05	0.0003494259957031808
29	32	1.4285714285714287e-05	0.0004909398565022177
29	33	1.4285714285714287e-05	0.0005937727293365981
29	34	1.4285714285714287e-05	0.0006479386415321227
29	35	1.4285714285714287e-05	0.0006467092504256059
29	36	1.4285714285714287e-05	0.0005878933625114194
29	37	1.4285714285714287e-05	0.0004756567220058049
29	38	1.4285714285714287e-05	0.0003251599319925276
29	39	1.4285714285714287e-05	0.0001890058047320862
29	40	1.4285714285714287e-05	0.00022610169575486256
29	65	1.4285714285714287e-05	0.00019769496936175915
29	66	1.4285714285714287e-05	0.0002593045702754022
29	76	1.4285714285714287e-05	0.00020006530597554544
29	77	1.4285714285714287e-05	5.0000000000000057e-05
30	18	1.4285714285714287e-05	0.00017901287201404654
30	19	1.4285714285714287e-05	0.00023529952444809138
30	20	1.4285714285714287e-05	0.0003669683919082934
30	21	1.4285714285714287e-05	0.0004972696407974607
30	22	1.4285714285714287e-05	0.0006015739171886608
30	23	1.4285714285714287e-05	0.0006685333776606925
30	24	1.4285714285714287e-05	0.0006919740629351648
30	25	1.4285714285714287e-05	0.0006694059503990577
30	26	1.4285714285714287e-05	0.0006016626544504556
30	27	1.4285714285714287e-05	0.0004927184274222688
30	28	1.4285714285714287e-05	0.00034946175845283745
30	29	1.4285714285714287e-05	0.00018136094296165614
30	31	1.4285714285714287e-05	0.00018152174482341488
30	32	1.4285714285714287e-05	0.00034932651766876344
30	33	1.4285714285714287e-05	0.0004896280652744897
30	34	1.4285714285714287e-05	0.0005897303072985863
30	35	1.4285714285714287e-05	0.0006391542002043782
30	36	1.4285714285714287e-05	0.0006309136743653703
30	37	1.4285714285714287e-05	0.0005630555228918593
30	38	1.4285714285714287e-05	0.00044105572360130896
30	39	1.4285714285714287e-05	0.00028501163112656
30	40	1.4285714285714287e-05	0.00017510482475759705
30	66	1.4285714285714287e-05	0.00019779674516090604
30	67	1.4285714285714287e-05	0.00025646690949014575
30	77	1.4285714285714287e-05	0.00020022641935552062
30	78	1.4285714285714287e-05	5.000000000000007e-05
31	19	1.4285714285714287e-05	0.00017980407674860296
31	20	1.4285714285714287e-05	0.000229939911173123
31	21	1.4285714285714287e-05	0.000358968406377942
31	22	1.4285714285714287e-05	0.0004885851684238952
31	23	1.4285714285714287e-05	0.0005933061663245621
31	24	1.4285714285714287e-05	0.0006614433223864914
31	25	1.4285714285714287e-05	0.0006865241731851557
31	26	1.4285714285714287e-05	0.0006657473474352365
31	27	1.4285714285714287e-05	0.0005996478944387653
31	28	1.4285714285714287e-05	0.0004919579777289704
31	29	1.4285714285714287e-05	0.0003494259957031808
31	30	1.4285714285714287e-05	0.00018152174482341488
31	32	1.4285714285714287e-05	0.00018168998406039745
31	33	1.4285714285714287e-05	0.0003491553097131455
31	34	1.4285714285714287e-05	0.0004879741595201475
31	35	1.4285714285714287e-05	0.0005847783071879642
31	36	1.4285714285714287e-05	0.0006285148893131738
31	37	1.4285714285714287e-05	0.0006119322246807217
31	38	1.4285714285714287e-05	0.0005334816052035632
31	39	1.4285714285714287e-05	0.00040063442049260127
31	40	1.4285714285714287e-05	0.00024210075209089683
31	41	1.4285714285714287e-05	0.00018181983654251376
31	67	1.4285714285714287e-05	0.00019861522316973358
31	68	1.4285714285714287e-05	0.0002508496709763011
31	78	1.4285714285714287e-05	0.00020039288223383848
31	79	1.4285714285714287e-05	4.999999999999984e-05
32	20	1.4285714285714287e-05	0.00018173959751393776
32	21	1.4285714285714287e-05	0.00022212856127330592
32	22	1.4285714285714287e-05	0.0003475857849859355
32	23	1.4285714285714287e-05	0.0004766578184485348
32	24	1.4285714285714287e-05	0.0005822572329585323
32	25	1.4285714285714287e-05	0.0006521518759032181
32	26	1.4285714285714287e-05	0.0006794729887200252
32	27	1.4285714285714287e-05	0.0006610411794565268
32	28	1.4285714285714287e-05	0.0005970439606306889
32	29	1.4285714285714287e-05	0.0004909398565022177
32	30	1.4285714285714287e-05	0.00034932651766876344
32	31	1.4285714285714287e-05	0.00018168998406039745
32	33	1.4285714285714287e-05	0.00018186837462087717
32	34	1.4285714285714287e-05	0.00034890113341871833
32	35	1.4285714285714287e-05	0.00048591274054956716
32	36	1.4285714285714287e-05	0.0005787308551258616
32	37	1.4285714285714287e-05	0.0006156288587634495
32	38	1.4285714285714287e-05	0.0005890914839397926
32	39	1.4285714285714287e-05	0.0004982448833060246
32	40	1.4285714285714287e-05	0.0003537761740473797
32	41	1.4285714285714287e-05	0.0002011118478079397
32	42	1.4285714285714287e-05	0.00021494853731502254
32	68	1.4285714285714287e-05	0.0002006184190504895
32	69	1.4285714285714287e-05	0.00024267226042745392
32	79	1.4285714285714287e-05	0.00020056705414646622
32	80	1.4285714285714287e-05	4.999999999999977e-05
33	21	1.4285714285714287e-05	0.00018555615195579506
33	22	1.4285714285714287e-05	0.00021225920644767492
33	23	1.4285714285714287e-05	0.00033277412384111313
33	24	1.4285714285714287e-05	0.00046131595797611663
33	25	1.4285714285714287e-05	0.0005682194563108908
33	26	1.4285714285714287e-05	0.0006404566180866372
33	27	1.4285714285714287e-05	0.0006706487853401236
33	28	1.4285714285714287e-05	0.0006551607348313058
33	29	1.4285714285714287e-05	0.0005937727293365981
33	30	1.4285714285714287e-05	0.0004896280652744897
33	31	1.4285714285714287e-05	0.0003491553097131455
33	32	1.4285714285714287e-05	0.00018186837462087717
33	34	1.4285714285714287e-05	0.00018206024746760682
33	35	1.4285714285714287e-05	0.0003485482960136052
33	36	1.4285714285714287e-05	0.0004833546109422997
33	37	1.4285714285714287e-05	0.0005713347905013103
33	38	1.4285714285714287e-05	0.0005999630359356421
33	39	1.4285714285714287e-05	0.0005614847205763337
33	40	1.4285714285714287e-05	0.0004561685268167926
33	41	1.4285714285714287e-05	0.00030035132869296783
33	42	1.4285714285714287e-05	0.00017468283241769397
33	69	1.4285714285714287e-05	0.00020457226603998345
33	70	1.4285714285714287e-05	0.0002323580260147728
33	80	1.4285714285714287e-05	0.00020075174630014954
33	81	1.4285714285714287e-05	4.999999999999964e-05
34	22	1.4285714285714287e-05	0.0001922203264114693
34	23	1.4285714285714287e-05	0.0002010413864911551
34	24	1.4285714285714287e-05	0.0003145183539925482
34	25	1.4285714285714287e-05	0.0004423453667394634
34	26	1.4285714285714287e-05	0.0005509234819166548
34	27	1.4285714285714287e-05	0.0006260926680247411
34	28	1.4285714285714287e-05	0.0006598258192292793
34	29	1.4285714285714287e-05	0.0006479386415321227
34	30	1.4285714285714287e-05	0.0005897303072985863
34	31	1.4285714285714287e-05	0.0004879741595201475
34	32	1.4285714285714287e-05	0.00034890113341871833
34	33	1.4285714285714287e-05	0.00018206024746760682
34	35	1.4285714285714287e-05	0.00018226980978281143
34	36	1.4285714285714287e-05	0.00034807472896912554
34	37	1.4285714285714287e-05	0.0004801761031030883
34	38	1.4285714285714287e-05	0.0005622385988496534
34	39	1.4285714285714287e-05	0.0005807774518644429
34	40	1.4285714285714287e-05	0.0005278720033613089
34	41	1.4285714285714287e-05	0.00040581328940208117
34	42	1.4285714285714287e-05	0.00024224391838958072
34	43	1.4285714285714287e-05	0.0001848065147685498
34	70	1.4285714285714287e-05	0.00021148766633604144
34	71	1.4285714285714287e-05	0.00022066170379703983
34	81	1.4285714285714287e-05	0.00020095040954130577
34	82	1.4285714285714287e-05	4.999999999999994e-05
35	23	1.4285714285714287e-05	0.00020281298917142852
35	24	1.4285714285714287e-05	0.00018970586308347977
35	25	1.4285714285714287e-05	0.00029289270631822017
35	26	1.4285714285714287e-05	0.000419494492306301
35	27	1.4285714285714287e-05	0.0005300285178063171
35	28	1.4285714285714287e-05	0.0006087179833738324
35	29	1.4285714285714287e-05	0.0006467092504256059
35	30	1.4285714285714287e-05	0.0006391542002043782
35	31	1.4285714285714287e-05	0.0005847783071879642
35	32	1.4285714285714287e-05	0.00048591274054956716
35	33	1.4285714285714287e-05	0.0003485482960136052
35	34	1.4285714285714287e-05	0.00018226980978281143
35	36	1.4285714285714287e-05	0.0001825025277559077
35	37	1.4285714285714287e-05	0.00034744890022092497
35	38	1.4285714285714287e-05	0.0004762018804272549
35	39	1.4285714285714287e-05	0.000550941902032077
35	40	1.4285714285714287e-05	0.0005570187426674508
35	41	1.4285714285714287e-05	0.00048653173391217155
35	42	1.4285714285714287e-05	0.0003456579619065299
35	43	1.4285714285714287e-05	0.0001890510288157437
35	44	1.4285714285714287e-05	0.00024082970994706847
35	71	1.4285714285714287e-05	0.00022250677954782159
35	72	1.4285714285714287e-05	0.0002088767633612782
35	82	1.4285714285714287e-05	0.00020116740309151807
35	83	1.4285714285714287e-05	5.000000000000008e-05
36	24	1.4285714285714287e-05	0.0002183591038507173
36	25	1.4285714285714287e-05	0.00018028741451155792
36	26	1.4285714285714287e-05	0.00026817990301343346
36	27	1.4285714285714287e-05	0.0003924909689665534
36	28	1.4285714285714287e-05	0.0005051113788709752
36	29	1.4285714285714287e-05	0.0005878933625114194
36	30	1.4285714285714287e-05	0.0006309136743653703
36	31	1.4285714285714287e-05	0.0006285148893131738
36	32	1.4285714285714287e-05	0.0005787308551258616
36	33	1.4285714285714287e-05	0.0004833546109422997
36	34	1.4285714285714287e-05	0.00034807472896912554
36	35	1.4285714285714287e-05	0.0001825025277559077
36	37	1.4285714285714287e-05	0.00018276571083675715
36	38	1.4285714285714287e-05	0.000346624666126086
36	39	1.4285714285714287e-05	0.00047117607331251027
36	40	1.4285714285714287e-05	0.0005367097240160475
36	41	1.4285714285714287e-05	0.0005271406272491852
36	42	1.4285714285714287e-05	0.00043505486231057775
36	43	1.4285714285714287e-05	0.0002752285531915552
36	44	1.4285714285714287e-05	0.00017321897939447532
36	72	1.4285714285714287e-05	0.00023873044747937147
36	73	1.4285714285714287e-05	0.00019911533436324088
36	83	1.4285714285714287e-05	0.00020140839147590023
36	84	1.4285714285714287e-05	4.999999999999975e-05
37	25	1.4285714285714287e-05	0.00023964923936787059
37	26	1.4285714285714287e-05	0.0001758404683774907
37	27	1.4285714285714287e-05	0.00024112278699243067
37	28	1.4285714285714287e-05	0.000361085153166347
37	29	1.4285714285714287e-05	0.0004756567220058049
37	30	1.4285714285714287e-05	0.0005630555228918593
37	31	1.4285714285714287e-05	0.0006119322246807217
37	32	1.4285714285714287e-05	0.0006156288587634495
37	33	1.4285714285714287e-05	0.0005713347905013103
37	34	1.4285714285714287e-05	0.0004801761031030883
37	35	1.4285714285714287e-05	0.00034744890022092497
37	36	1.4285714285714287e-05	0.00018276571083675715
37	38	1.4285714285714287e-05	0.00018306943543028618
37	39	1.4285714285714287e-05	0.00034553228943521203
37	40	1.4285714285714287e-05	0.00046471138554284274
37	41	1.4285714285714287e-05	0.0005184191282938976
37	42	1.4285714285714287e-05	0.0004887883689534071
37	43	1.4285714285714287e-05	0.00037016257915801175
37	44	1.4285714285714287e-05	0.00020143976213608784
37	45	1.4285714285714287e-05	0.000233098677014921
37	73	1.4285714285714287e-05	0.0002610292986940053
37	74	1.4285714285714287e-05	0.00019451733766050742
37	75	1.4285714285714287e-05	0.00026257559109058146
37	84	1.4285714285714287e-05	0.00020168095046431322
37	85	1.4285714285714287e-05	5.000000000000019e-05
38	27	1.4285714285714287e-05	0.00018014312527477738
38	28	1.4285714285714287e-05	0.00021346141856781484
38	29	1.4285714285714287e-05	0.0003251599319925276
38	30	1.4285714285714287e-05	0.00044105572360130896
38	31	1.4285714285714287e-05	0.0005334816052035632
38	32	1.4285714285714287e-05	0.0005890914839397926
38	33	1.4285714285714287e-05	0.0005999630359356421
38	34	1.4285714285714287e-05	0.0005622385988496534
38	35	1.4285714285714287e-05	0.0004762018804272549
38	36	1.4285714285714287e-05	0.000346624666126086
38	37	1.4285714285714287e-05	0.00018306943543028618
38	39	1.4285714285714287e-05	0.00018342806322775085
38	40	1.4285714285714287e-05	0.00034406186584725945
38	41	1.4285714285714287e-05	0.0004561937144802527
38	42	1.4285714285714287e-05	0.0004942665070499725
38	43	1.4285714285714287e-05	0.0004382240989487634
38	44	1.4285714285714287e-05	0.0002883431442776403
38	45	1.4285714285714287e-05	0.0001700727599720276
38	75	1.4285714285714287e-05	0.00019896602892745062
38	76	1.4285714285714287e-05	0.00023361330005431432
38	85	1.4285714285714287e-05	0.0002019955252368971
38	86	1.4285714285714287e-05	5.000000000000019e-05
39	28	1.4285714285714287e-05	0.00019646215705719147
39	29	1.4285714285714287e-05	0.0001890058047320862
39	30	1.4285714285714287e-05	0.00028501163112656
39	31	1.4285714285714287e-05	0.00040063442049260127
39	32	1.4285714285714287e-05	0.0004982448833060246
39	33	1.4285714285714287e-05	0.0005614847205763337
39	34	1.4285714285714287e-05	0.0005807774518644429
39	35	1.4285714285714287e-05	0.000550941902032077
39	36	1.4285714285714287e-05	0.00047117607331251027
39	37	1.4285714285714287e-05	0.00034553228943521203
39	38	1.4285714285714287e-05	0.00018342806322775085
39	40	1.4285714285714287e-05	0.0001838628493655462
39	41	1.4285714285714287e-05	0.0003420305339950289
39	42	1.4285714285714287e-05	0.0004445890909521607
39	43	1.4285714285714287e-05	0.0004611614271997408
39	44	1.4285714285714287e-05	0.0003693041313383912
39	45	1.4285714285714287e-05	0.0001950124107137496
39	46	1.4285714285714287e-05	0.0002617851527018261
39	76	1.4285714285714287e-05	0.0002158964808965218
39	77	1.4285714285714287e-05	0.0002081502046186113
39	86	1.4285714285714287e-05	0.00020236700572258393
39	87	1.4285714285714287e-05	4.9999999999999704e-05
40	29	1.4285714285714287e-05	0.00022610169575486256
40	30	1.4285714285714287e-05	0.00017510482475759705
40	31	1.4285714285714287e-05	0.00024210075209089683
40	32	1.4285714285714287e-05	0.0003537761740473797
40	33	1.4285714285714287e-05	0.0004561685268167926
40	34	1.4285714285714287e-05	0.0005278720033613089
40	35	1.4285714285714287e-05	0.0005570187426674508
40	36	1.4285714285714287e-05	0.0005367097240160475
40	37	1.4285714285714287e-05	0.00046471138554284274
40	38	1.4285714285714287e-05	0.00034406186584725945
40	39	1.4285714285714287e-05	0.0001838628493655462
40	41	1.4285714285714287e-05	0.0001844066531254396
40	42	1.4285714285714287e-05	0.00033911156368967313
40	43	1.4285714285714287e-05	0.00042801156633365516
40	44	1.4285714285714287e-05	0.0004133342013645194
40	45	1.4285714285714287e-05	0.0002726339506991548
40	46	1.4285714285714287e-05	0.0001852423025412126
40	77	1.4285714285714287e-05	0.00024683013667175954
40	78	1.4285714285714287e-05	0.00019375743201491865
40	79	1.4285714285714287e-05	0.0002636020250582907
40	87	1.4285714285714287e-05	0.0002028174333921803
40	88	1.4285714285714287e-05	5.000000000000008e-05
41	31	1.4285714285714287e-05	0.00018181983654251376
41	32	1.4285714285714287e-05	0.0002011118478079397
41	33	1.4285714285714287e-05	0.00030035132869296783
41	34	1.4285714285714287e-05	0.00040581328940208117
41	35	1.4285714285714287e-05	0.00048653173391217155
41	36	1.4285714285714287e-05	0.0005271406272491852
41	37	1.4285714285714287e-05	0.0005184191282938976
41	38	1.4285714285714287e-05	0.0004561937144802527
41	39	1.4285714285714287e-05	0.0003420305339950289
41	40	1.4285714285714287e-05	0.0001844066531254396
41	42	1.4285714285714287e-05	0.00018511293529876828
41	43	1.4285714285714287e-05	0.0003346618397838077
41	44	1.4285714285714287e-05	0.00040261294951167794
41	45	1.4285714285714287e-05	0.00033872622662992606
41	46	1.4285714285714287e-05	0.00016166032510948265
41	79	1.4285714285714287e-05	0.00020070149251447738
41	80	1.4285714285714287e-05	0.00022073507153204253
41	88	1.4285714285714287e-05	0.00020338089169107915
41	89	1.4285714285714287e-05	5.000000000000023e-05
42	32	1.4285714285714287e-05	0.00021494853731502254
42	33	1.4285714285714287e-05	0.00017468283241769397
42	34	1.4285714285714287e-05	0.00024224391838958072
42	35	1.4285714285714287e-05	0.0003456579619065299
42	36	1.4285714285714287e-05	0.00043505486231057775
42	37	1.4285714285714287e-05	0.0004887883689534071
42	38	1.4285714285714287e-05	0.0004942665070499725
42	39	1.4285714285714287e-05	0.0004445890909521607
42	40	1.4285714285714287e-05	0.00033911156368967313
42	41	1.4285714285714287e-05	0.00018511293529876828
42	43	1.4285714285714287e-05	0.0001860739204857351
42	44	1.4285714285714287e-05	0.00032722704842575215
42	45	1.4285714285714287e-05	0.0003590829371019789
42	46	1.4285714285714287e-05	0.00021119933544171506
42	47	1.4285714285714287e-05	0.00022831482556870525
42	80	1.4285714285714287e-05	0.00023516650318776915
42	81	1.4285714285714287e-05	0.0001933216178628414
42	82	1.4285714285714287e-05	0.000263752299373566
42	89	1.4285714285714287e-05	0.00020411285062064765
42	90	1.4285714285714287e-05	4.9999999999999847e-05
43	34	1.4285714285714287e-05	0.0001848065147685498
43	35	1.4285714285714287e-05	0.0001890510288157437
43	36	1.4285714285714287e-05	0.0002752285531915552
43	37	1.4285714285714287e-05	0.00037016257915801175
43	38	1.4285714285714287e-05	0.0004382240989487634
43	39	1.4285714285714287e-05	0.0004611614271997408
43	40	1.4285714285714287e-05	0.00042801156633365516
43	41	1.4285714285714287e-05	0.0003346618397838077
43	42	1.4285714285714287e-05	0.0001860739204857351
43	44	1.4285714285714287e-05	0.00018745788059764952
43	45	1.4285714285714287e-05	0.0003127152031362154
43	46	1.4285714285714287e-05	0.000267173210269453
43	47	1.4285714285714287e-05	0.00020421098809705212
43	82	1.4285714285714287e-05	0.000203795269539655
43	83	1.4285714285714287e-05	0.00020819713596573
43	90	1.4285714285714287e-05	0.00020510904106264087
43	91	1.4285714285714287e-05	5.0000000000000124e-05
44	35	1.4285714285714287e-05	0.00024082970994706847
44	36	1.4285714285714287e-05	0.00017321897939447532
44	37	1.4285714285714287e-05	0.00020143976213608784
44	38	1.4285714285714287e-05	0.0002883431442776403
44	39	1.4285714285714287e-05	0.0003693041313383912
44	40	1.4285714285714287e-05	0.0004133342013645194
44	41	1.4285714285714287e-05	0.00040261294951167794
44	42	1.4285714285714287e-05	0.00032722704842575215
44	43	1.4285714285714287e-05	0.00018745788059764952
44	45	1.4285714285714287e-05	0.00018956074770481838
44	46	1.4285714285714287e-05	0.00027366128557758726
44	47	1.4285714285714287e-05	0.00017685190342396902
44	83	1.4285714285714287e-05	0.00026226801818682457
44	84	1.4285714285714287e-05	0.00019181036713368375
44	85	1.4285714285714287e-05	0.000221076529139814
44	91	1.4285714285714287e-05	0.0002065442380789512
44	92	1.4285714285714287e-05	5.000000000000002e-05
45	37	1.4285714285714287e-05	0.000233098677014921
45	38	1.4285714285714287e-05	0.0001700727599720276
45	39	1.4285714285714287e-05	0.0001950124107137496
45	40	1.4285714285714287e-05	0.0002726339506991548
45	41	1.4285714285714287e-05	0.00033872622662992606
45	42	1.4285714285714287e-05	0.0003590829371019789
45	43	1.4285714285714287e-05	0.0003127152031362154
45	44	1.4285714285714287e-05	0.00018956074770481838
45	46	1.4285714285714287e-05	0.00019205763856878943
45	47	1.4285714285714287e-05	0.00014439897447623124
45	85	1.4285714285714287e-05	0.0002541596646117361
45	86	1.4285714285714287e-05	0.00018856524050085734
45	87	1.4285714285714287e-05	0.00021438907310212095
45	92	1.4285714285714287e-05	0.0002087261420286944
45	93	1.4285714285714287e-05	5.000000000000006e-05
46	39	1.4285714285714287e-05	0.0002617851527018261
46	40	1.4285714285714287e-05	0.0001852423025412126
46	41	1.4285714285714287e-05	0.00016166032510948265
46	42	1.4285714285714287e-05	0.00021119933544171506
46	43	1.4285714285714287e-05	0.000267173210269453
46	44	1.4285714285714287e-05	0.00027366128557758726
46	45	1.4285714285714287e-05	0.00019205763856878943
46	47	1.4285714285714287e-05	0.0001021054940485262
46	87	1.4285714285714287e-05	0.0002842915328121942
46	88	1.4285714285714287e-05	0.0002042469391993639
46	89	1.4285714285714287e-05	0.00017990969390066982
46	90	1.4285714285714287e-05	0.00023125164843525975
46	93	1.4285714285714287e-05	0.0002113186802171267
46	94	1.4285714285714287e-05	5.0000000000000057e-05
47	42	1.4285714285714287e-05	0.00022831482556870525
47	43	1.4285714285714287e-05	0.00020421098809705212
47	44	1.4285714285714287e-05	0.00017685190342396902
47	45	1.4285714285714287e-05	0.00014439897447623124
47	46	1.4285714285714287e-05	0.0001021054940485262
47	90	1.4285714285714287e-05	0.0002491474825983726
47	91	1.4285714285714287e-05	0.00022396333286519248
47	92	1.4285714285714287e-05	0.00019556247301326447
47	93	1.4285714285714287e-05	0.00016226455939003618
47	94	1.4285714285714287e-05	0.000120062040699887
47	95	1.4285714285714287e-05	5e-05
48	0	1.4285714285714287e-05	5e-05
48	1	1.4285714285714287e-05	0.00012006204069988665
48	2	1.4285714285714287e-05	0.00016226455939003643
48	3	1.4285714285714287e-05	0.00019556247301326474
48	4	1.4285714285714287e-05	0.00022396333286519267
48	5	1.4285714285714287e-05	0.0002491474825983729
48	6	1.4285714285714287e-05	0.0002720098558915241
48	49	1.4285714285714287e-05	0.00011669199319831553
48	50	1.4285714285714287e-05	0.00016502739940140715
48	51	1.4285714285714287e-05	0.0002021164610559647
48	52	1.4285714285714287e-05	0.00023338398639663113
48	53	1.4285714285714287e-05	0.0002609312292213767
48	54	1.4285714285714287e-05	0.00028583584040419834
49	1	1.4285714285714287e-05	5.000000000000002e-05
49	2	1.4285714285714287e-05	0.00016763294192079039
49	6	1.4285714285714287e-05	0.00026960058437885525
49	7	1.4285714285714287e-05	0.00022023726348763324
49	8	1.4285714285714287e-05	0.00021209953720910618
49	9	1.4285714285714287e-05	0.0002616537600600542
49	48	1.4285714285714287e-05	0.00011669199319831553
49	50	1.4285714285714287e-05	0.00017104987816262925
49	54	1.4285714285714287e-05	0.00028321516322888827
49	55	1.4285714285714287e-05	0.0002292956973704381
49	56	1.4285714285714287e-05	0.00022035351774382167
49	57	1.4285714285714287e-05	0.0002745649861218173
50	2	1.4285714285714287e-05	5.000000000000002e-05
50	3	1.4285714285714287e-05	0.00017931115744753413
50	9	1.4285714285714287e-05	0.00022441786521328215
50	10	1.4285714285714287e-05	0.0002071795171588963
50	11	1.4285714285714287e-05	0.0002659364880940477
50	48	1.4285714285714287e-05	0.00016502739940140715
50	49	1.4285714285714287e-05	0.00017104987816262925
50	51	1.4285714285714287e-05	0.00018408846067715664
50	57	1.4285714285714287e-05	0.00023388245699040936
50	58	1.4285714285714287e-05	0.00021493747218387125
50	59	1.4285714285714287e-05	0.0002792279472295926
51	3	1.4285714285714287e-05	5.0000000000000057e-05
51	4	1.4285714285714287e-05	0.00018496918598519382
51	11	1.4285714285714287e-05	0.00021414846295006985
51	12	1.4285714285714287e-05	0.00021411578884102177
51	48	1.4285714285714287e-05	0.0002021164610559647
51	50	1.4285714285714287e-05	0.00018408846067715664
51	52	1.4285714285714287e-05	0.00019037886966790393
51	59	1.4285714285714287e-05	0.0002226068005221697
51	60	1.4285714285714287e-05	0.00022257087739417923
52	4	1.4285714285714287e-05	5.000000000000002e-05
52	5	1.4285714285714287e-05	0.0001883254065619051
52	12	1.4285714285714287e-05	0.00026045413506357016
52	13	1.4285714285714287e-05	0.00020144388208804742
52	14	1.4285714285714287e-05	0.00024008490594272904
52	48	1.4285714285714287e-05	0.00023338398639663113
52	51	1.4285714285714287e-05	0.00019037886966790393
52	53	1.4285714285714287e-05	0.00019410294398799742
52	60	1.4285714285714287e-05	0.00027325834238309536
52	61	1.4285714285714287e-05	0.00020861348437639602
52	62	1.4285714285714287e-05	0.00025103388971333096
53	5	1.4285714285714287e-05	4.999999999999989e-05
53	6	1.4285714285714287e-05	0.0001905526204960068
53	14	1.4285714285714287e-05	0.00022326957537098006
53	15	1.4285714285714287e-05	0.0002076062109353643
53	48	1.4285714285714287e-05	0.0002609312292213767
53	52	1.4285714285714287e-05	0.00019410294398799742
53	54	1.4285714285714287e-05	0.00019657147352377654
53	62	1.4285714285714287e-05	0.00023262306306576826
53	63	1.4285714285714287e-05	0.00021540749109918324
54	64	1.4285714285714287e-05	0.0002064330398327746
54	65	1.4285714285714287e-05	0.00026114092560887084
54	6	1.4285714285714287e-05	5e-05
54	7	1.4285714285714287e-05	0.00019214173670647298
54	15	1.4285714285714287e-05	0.00026176284777249903
54	16	1.4285714285714287e-05	0.00019946873174203294
54	17	1.4285714285714287e-05	0.00024933964816967126
54	48	1.4285714285714287e-05	0.00028583584040419834
54	49	1.4285714285714287e-05	0.00028321516322888827
54	53	1.4285714285714287e-05	0.00019657147352377654
54	55	1.4285714285714287e-05	0.00019833145989070087
54	63	1.4285714285714287e-05	0.0002746837942569468
55	65	1.4285714285714287e-05	0.00021945058838887736
55	66	1.4285714285714287e-05	0.00022883356620282923
55	7	1.4285714285714287e-05	5.000000000000009e-05
55	8	1.4285714285714287e-05	0.0001933350217524138
55	17	1.4285714285714287e-05	0.00021127882206031982
55	18	1.4285714285714287e-05	0.00021981628896300317
55	49	1.4285714285714287e-05	0.0002292956973704381
55	54	1.4285714285714287e-05	0.00019833145989070087
55	56	1.4285714285714287e-05	0.00019965235682056735
56	66	1.4285714285714287e-05	0.0002447949690647607
56	67	1.4285714285714287e-05	0.0002104160761762669
56	8	1.4285714285714287e-05	4.9999999999999725e-05
56	9	1.4285714285714287e-05	0.00019426597016202206
56	49	1.4285714285714287e-05	0.00022035351774382167
56	18	1.4285714285714287e-05	0.00023438004345398066
56	19	1.4285714285714287e-05	0.00020307771781817826
56	55	1.4285714285714287e-05	0.00019965235682056735
56	57	1.4285714285714287e-05	0.00020068245609987032
57	67	1.4285714285714287e-05	0.00027462180508644083
57	68	1.4285714285714287e-05	0.00020480647985712786
57	69	1.4285714285714287e-05	0.00027487835373947396
57	9	1.4285714285714287e-05	5.000000000000048e-05
57	10	1.4285714285714287e-05	0.00019501424437916732
57	49	1.4285714285714287e-05	0.0002745649861218173
57	50	1.4285714285714287e-05	0.00023388245699040936
57	19	1.4285714285714287e-05	0.0002617059301015522
57	20	1.4285714285714287e-05	0.00019799616768395942
57	21	1.4285714285714287e-05	0.0002619414928666475
57	56	1.4285714285714287e-05	0.00020068245609987032
57	58	1.4285714285714287e-05	0.00020151017134421384
58	69	1.4285714285714287e-05	0.0002088164610657774
58	70	1.4285714285714287e-05	0.000251183711960559
58	10	1.4285714285714287e-05	5.0000000000000185e-05
58	11	1.4285714285714287e-05	0.00019563035559395881
58	50	1.4285714285714287e-05	0.00021493747218387125
58	21	1.4285714285714287e-05	0.00020162781333568768
58	22	1.4285714285714287e-05	0.00024022198069702014
58	57	1.4285714285714287e-05	0.00020151017134421384
58	59	1.4285714285714287e-05	0.00020219152456398166
59	70	1.4285714285714287e-05	0.00021855227956237382
59	71	1.4285714285714287e-05	0.00023364045953853057
59	11	1.4285714285714287e-05	4.999999999999953e-05
59	12	1.4285714285714287e-05	0.00019614790327609412
59	50	1.4285714285714287e-05	0.0002792279472295926
59	51	1.4285714285714287e-05	0.0002226068005221697
59	22	1.4285714285714287e-05	0.00021046249437648337
59	23	1.4285714285714287e-05	0.00022419719287204235
59	58	1.4285714285714287e-05	0.00020219152456398166
59	60	1.4285714285714287e-05	0.00020276376108905784
60	71	1.4285714285714287e-05	0.00023071199220572398
60	72	1.4285714285714287e-05	0.0002214650229849749
60	12	1.4285714285714287e-05	5.000000000000027e-05
60	13	1.4285714285714287e-05	0.0001965901262063505
60	51	1.4285714285714287e-05	0.00022257087739417923
60	52	1.4285714285714287e-05	0.00027325834238309536
60	23	1.4285714285714287e-05	0.00022152769675390987
60	24	1.4285714285714287e-05	0.00021311009327344992
60	59	1.4285714285714287e-05	0.00020276376108905784
60	61	1.4285714285714287e-05	0.00020325263019722585
61	72	1.4285714285714287e-05	0.0002429983820812249
61	73	1.4285714285714287e-05	0.00021359509559713878
61	13	1.4285714285714287e-05	4.999999999999996e-05
61	14	1.4285714285714287e-05	0.00019697362910738752
61	52	1.4285714285714287e-05	0.00020861348437639602
61	24	1.4285714285714287e-05	0.0002327384518774913
61	25	1.4285714285714287e-05	0.0002059611777866323
61	60	1.4285714285714287e-05	0.00020325263019722585
61	62	1.4285714285714287e-05	0.00020367652382774506
62	73	1.4285714285714287e-05	0.000253966575197068
62	74	1.4285714285714287e-05	0.00020888300221886933
62	14	1.4285714285714287e-05	5.000000000000004e-05
62	15	1.4285714285714287e-05	0.00019731061115486613
62	52	1.4285714285714287e-05	0.00025103388971333096
62	53	1.4285714285714287e-05	0.00023262306306576826
62	25	1.4285714285714287e-05	0.0002427687040222889
62	26	1.4285714285714287e-05	0.00020168811328130407
62	61	1.4285714285714287e-05	0.00020367652382774506
62	63	1.4285714285714287e-05	0.00020404895007762052
63	64	1.4285714285714287e-05	0.00020438007481255623
63	74	1.4285714285714287e-05	0.00026275074236349177
63	75	1.4285714285714287e-05	0.000206282463989088
63	15	1.4285714285714287e-05	4.9999999999999826e-05
63	16	1.4285714285714287e-05	0.00019761025557353496
63	53	1.4285714285714287e-05	0.00021540749109918324
63	54	1.4285714285714287e-05	0.0002746837942569468
63	26	1.4285714285714287e-05	0.0002508150883340062
63	27	1.4285714285714287e-05	0.00019933238091372226
63	62	1.4285714285714287e-05	0.00020404895007762052
64	65	1.4285714285714287e-05	0.0002046777175469823
64	75	1.4285714285714287e-05	0.00026884727698669384
64	76	1.4285714285714287e-05	0.00020498158346594328
64	16	1.4285714285714287e-05	5.0000000000000016e-05
64	17	1.4285714285714287e-05	0.0001978796276848933
64	54	1.4285714285714287e-05	0.0002064330398327746
64	27	1.4285714285714287e-05	0.000256405930216649
64	28	1.4285714285714287e-05	0.00019815465769236812
64	63	1.4285714285714287e-05	0.00020438007481255623
65	64	1.4285714285714287e-05	0.0002046777175469823
65	66	1.4285714285714287e-05	0.00020494801521957887
65	76	1.4285714285714287e-05	0.00027197669410355463
65	77	1.4285714285714287e-05	0.00020447368230500418
65	17	1.4285714285714287e-05	5.0000000000000226e-05
65	18	1.4285714285714287e-05	0.00019812427368860988
65	54	1.4285714285714287e-05	0.00026114092560887084
65	55	1.4285714285714287e-05	0.00021945058838887736
65	28	1.4285714285714287e-05	0.00025927766365146265
65	29	1.4285714285714287e-05	0.00019769496936175915
66	65	1.4285714285714287e-05	0.00020494801521957887
66	67	1.4285714285714287e-05	0.00020519587715334202
66	77	1.4285714285714287e-05	0.0002720060086851256
66	78	1.4285714285714287e-05	0.00020458613944462423
66	18	1.4285714285714287e-05	5.0000000000000057e-05
66	19	1.4285714285714287e-05	0.00019834863120434722
66	55	1.4285714285714287e-05	0.00022883356620282923
66	56	1.4285714285714287e-05	0.0002447949690647607
66	29	1.4285714285714287e-05	0.0002593045702754022
66	30	1.4285714285714287e-05	0.00019779674516090604
67	66	1.4285714285714287e-05	0.00020519587715334202
67	68	1.4285714285714287e-05	0.00020542530503159988
67	78	1.4285714285714287e-05	0.00026891374222639066
67	79	1.4285714285714287e-05	0.00020549037342697517
67	19	1.4285714285714287e-05	5.000000000000026e-05
67	20	1.4285714285714287e-05	0.00019855631809114033
67	56	1.4285714285714287e-05	0.0002104160761762669
67	57	1.4285714285714287e-05	0.00027462180508644083
67	30	1.4285714285714287e-05	0.00025646690949014575
67	31	1.4285714285714287e-05	0.00019861522316973358
68	32	1.4285714285714287e-05	0.0002006184190504895
68	67	1.4285714285714287e-05	0.00020542530503159988
68	69	1.4285714285714287e-05	0.00020563962358825
68	79	1.4285714285714287e-05	0.0002627884699121407
68	80	1.4285714285714287e-05	0.00020770239715878566
68	20	1.4285714285714287e-05	5.000000000000008e-05
68	21	1.4285714285714287e-05	0.0001987503407313495
68	57	1.4285714285714287e-05	0.00020480647985712786
68	31	1.4285714285714287e-05	0.0002508496709763011
69	32	1.4285714285714287e-05	0.00024267226042745392
69	33	1.4285714285714287e-05	0.00020457226603998345
69	68	1.4285714285714287e-05	0.00020563962358825
69	70	1.4285714285714287e-05	0.00020584165117521654
69	80	1.4285714285714287e-05	0.0002538612128837778
69	81	1.4285714285714287e-05	0.00021206417366376545
69	21	1.4285714285714287e-05	4.9999999999999975e-05
69	22	1.4285714285714287e-05	0.00019893324807261872
69	57	1.4285714285714287e-05	0.00027487835373947396
69	58	1.4285714285714287e-05	0.0002088164610657774
70	33	1.4285714285714287e-05	0.0002323580260147728
70	34	1.4285714285714287e-05	0.00021148766633604144
70	69	1.4285714285714287e-05	0.00020584165117521654
70	71	1.4285714285714287e-05	0.00020603382938326657
70	81	1.4285714285714287e-05	0.00024258195022591392
70	82	1.4285714285714287e-05	0.00021968037304167956
70	22	1.4285714285714287e-05	4.999999999999944e-05
70	23	1.4285714285714287e-05	0.000199107248722997
70	58	1.4285714285714287e-05	0.000251183711960559
70	59	1.4285714285714287e-05	0.00021855227956237382
71	34	1.4285714285714287e-05	0.00022066170379703983
71	35	1.4285714285714287e-05	0.00022250677954782159
71	70	1.4285714285714287e-05	0.00020603382938326657
71	72	1.4285714285714287e-05	0.0002062183247351675
71	82	1.4285714285714287e-05	0.00022976158456132026
71	83	1.4285714285714287e-05	0.000231786273338776
71	23	1.4285714285714287e-05	5.0000000000000124e-05
71	24	1.4285714285714287e-05	0.00019927430284536588
71	59	1.4285714285714287e-05	0.00023364045953853057
71	60	1.4285714285714287e-05	0.00023071199220572398
72	35	1.4285714285714287e-05	0.0002088767633612782
72	36	1.4285714285714287e-05	0.00023873044747937147
72	71	1.4285714285714287e-05	0.0002062183247351675
72	73	1.4285714285714287e-05	0.00020639711163417012
72	83	1.4285714285714287e-05	0.00021680670066683434
72	84	1.4285714285714287e-05	0.00024955326154367643
72	24	1.4285714285714287e-05	4.999999999999995e-05
72	25	1.4285714285714287e-05	0.0001994361971397422
72	60	1.4285714285714287e-05	0.0002214650229849749
72	61	1.4285714285714287e-05	0.0002429983820812249
73	36	1.4285714285714287e-05	0.00019911533436324088
73	37	1.4285714285714287e-05	0.0002610292986940053
73	72	1.4285714285714287e-05	0.00020639711163417012
73	74	1.4285714285714287e-05	0.00020657204338222004
73	84	1.4285714285714287e-05	0.00020604275944177946
73	85	1.4285714285714287e-05	0.00027388484499185194
73	25	1.4285714285714287e-05	4.9999999999999894e-05
73	26	1.4285714285714287e-05	0.00019959460906727287
73	61	1.4285714285714287e-05	0.00021359509559713878
73	62	1.4285714285714287e-05	0.000253966575197068
74	37	1.4285714285714287e-05	0.00019451733766050742
74	73	1.4285714285714287e-05	0.00020657204338222004
74	75	1.4285714285714287e-05	0.00020674491669722445
74	85	1.4285714285714287e-05	0.00020096053528856123
74	26	1.4285714285714287e-05	5.000000000000012e-05
74	27	1.4285714285714287e-05	0.00019975116522219453
74	62	1.4285714285714287e-05	0.00020888300221886933
74	63	1.4285714285714287e-05	0.00026275074236349177
75	64	1.4285714285714287e-05	0.00026884727698669384
75	37	1.4285714285714287e-05	0.00026257559109058146
75	38	1.4285714285714287e-05	0.00019896602892745062
75	74	1.4285714285714287e-05	0.00020674491669722445
75	76	1.4285714285714287e-05	0.00020691753449670662
75	85	1.4285714285714287e-05	0.00027556889941992115
75	86	1.4285714285714287e-05	0.00020587785745688895
75	27	1.4285714285714287e-05	5.000000000000036e-05
75	28	1.4285714285714287e-05	0.00019990749816332885
75	63	1.4285714285714287e-05	0.000206282463989088
76	64	1.4285714285714287e-05	0.00020498158346594328
76	65	1.4285714285714287e-05	0.00027197669410355463
76	38	1.4285714285714287e-05	0.00023361330005431432
76	39	1.4285714285714287e-05	0.0002158964808965218
76	75	1.4285714285714287e-05	0.00020691753449670662
76	77	1.4285714285714287e-05	0.00020709177166543756
76	86	1.4285714285714287e-05	0.0002439559069346454
76	87	1.4285714285714287e-05	0.0002245281794939322
76	28	1.4285714285714287e-05	5.0000000000000273e-05
76	29	1.4285714285714287e-05	0.00020006530597554544
77	65	1.4285714285714287e-05	0.00020447368230500418
77	66	1.4285714285714287e-05	0.0002720060086851256
77	39	1.4285714285714287e-05	0.0002081502046186113
77	40	1.4285714285714287e-05	0.00024683013667175954
77	76	1.4285714285714287e-05	0.00020709177166543756
77	78	1.4285714285714287e-05	0.00020726964909903605
77	87	1.4285714285714287e-05	0.00021600663397952679
77	88	1.4285714285714287e-05	0.00025840193800555784
77	29	1.4285714285714287e-05	5.0000000000000057e-05
77	30	1.4285714285714287e-05	0.00020022641935552062
78	66	1.4285714285714287e-05	0.00020458613944462423
78	67	1.4285714285714287e-05	0.00026891374222639066
78	40	1.4285714285714287e-05	0.00019375743201491865
78	77	1.4285714285714287e-05	0.00020726964909903605
78	79	1.4285714285714287e-05	0.0002074534226553308
78	88	1.4285714285714287e-05	0.00020011979972296852
78	30	1.4285714285714287e-05	5.000000000000007e-05
78	31	1.4285714285714287e-05	0.00020039288223383848
79	32	1.4285714285714287e-05	0.00020056705414646622
79	67	1.4285714285714287e-05	0.00020549037342697517
79	68	1.4285714285714287e-05	0.0002627884699121407
79	40	1.4285714285714287e-05	0.0002636020250582907
79	41	1.4285714285714287e-05	0.00020070149251447738
79	78	1.4285714285714287e-05	0.0002074534226553308
79	80	1.4285714285714287e-05	0.00020764569606902597
79	88	1.4285714285714287e-05	0.00027668657381816757
79	89	1.4285714285714287e-05	0.00020779409890573028
79	31	1.4285714285714287e-05	4.999999999999984e-05
80	32	1.4285714285714287e-05	4.999999999999977e-05
80	33	1.4285714285714287e-05	0.00020075174630014954
80	68	1.4285714285714287e-05	0.00020770239715878566
80	69	1.4285714285714287e-05	0.0002538612128837778
80	41	1.4285714285714287e-05	0.00022073507153204253
80	42	1.4285714285714287e-05	0.00023516650318776915
80	79	1.4285714285714287e-05	0.00020764569606902597
80	81	1.4285714285714287e-05	0.000207849570995288
80	89	1.4285714285714287e-05	0.00022984211178050265
80	90	1.4285714285714287e-05	0.000245655471217169
81	33	1.4285714285714287e-05	4.999999999999964e-05
81	34	1.4285714285714287e-05	0.00020095040954130577
81	69	1.4285714285714287e-05	0.00021206417366376545
81	70	1.4285714285714287e-05	0.00024258195022591392
81	42	1.4285714285714287e-05	0.0001933216178628414
81	80	1.4285714285714287e-05	0.000207849570995288
81	82	1.4285714285714287e-05	0.00020806885424869373
81	90	1.4285714285714287e-05	0.00019963752276307937
82	34	1.4285714285714287e-05	4.999999999999994e-05
82	35	1.4285714285714287e-05	0.00020116740309151807
82	70	1.4285714285714287e-05	0.00021968037304167956
82	71	1.4285714285714287e-05	0.00022976158456132026
82	42	1.4285714285714287e-05	0.000263752299373566
82	43	1.4285714285714287e-05	0.000203795269539655
82	81	1.4285714285714287e-05	0.00020806885424869373
82	83	1.4285714285714287e-05	0.00020830835403749852
82	90	1.4285714285714287e-05	0.00027685019244523513
82	91	1.4285714285714287e-05	0.00021120744544977067
83	35	1.4285714285714287e-05	5.000000000000008e-05
83	36	1.4285714285714287e-05	0.00020140839147590023
83	71	1.4285714285714287e-05	0.000231786273338776
83	72	1.4285714285714287e-05	0.00021680670066683434
83	43	1.4285714285714287e-05	0.00020819713596573
83	44	1.4285714285714287e-05	0.00026226801818682457
83	82	1.4285714285714287e-05	0.00020830835403749852
83	84	1.4285714285714287e-05	0.00020857431743532266
83	91	1.4285714285714287e-05	0.000216058318646564
83	92	1.4285714285714287e-05	0.0002752339542252206
84	36	1.4285714285714287e-05	4.999999999999975e-05
84	37	1.4285714285714287e-05	0.00020168095046431322
84	72	1.4285714285714287e-05	0.00024955326154367643
84	73	1.4285714285714287e-05	0.00020604275944177946
84	44	1.4285714285714287e-05	0.00019181036713368375
84	83	1.4285714285714287e-05	0.00020857431743532266
84	85	1.4285714285714287e-05	0.00020887509809915138
84	92	1.4285714285714287e-05	0.00019796454787940072
85	37	1.4285714285714287e-05	5.000000000000019e-05
85	38	1.4285714285714287e-05	0.0002019955252368971
85	73	1.4285714285714287e-05	0.00027388484499185194
85	74	1.4285714285714287e-05	0.00020096053528856123
85	75	1.4285714285714287e-05	0.00027556889941992115
85	44	1.4285714285714287e-05	0.000221076529139814
85	45	1.4285714285714287e-05	0.0002541596646117361
85	84	1.4285714285714287e-05	0.00020887509809915138
85	86	1.4285714285714287e-05	0.00020922221192032692
85	92	1.4285714285714287e-05	0.00023021687101267206
85	93	1.4285714285714287e-05	0.0002663984880170523
86	38	1.4285714285714287e-05	5.000000000000019e-05
86	39	1.4285714285714287e-05	0.00020236700572258393
86	75	1.4285714285714287e-05	0.00020587785745688895
86	76	1.4285714285714287e-05	0.0002439559069346454
86	45	1.4285714285714287e-05	0.00018856524050085734
86	85	1.4285714285714287e-05	0.00020922221192032692
86	87	1.4285714285714287e-05	0.00020963207226028656
86	93	1.4285714285714287e-05	0.00019436886853946
87	39	1.4285714285714287e-05	4.9999999999999704e-05
87	40	1.4285714285714287e-05	0.0002028174333921803
87	76	1.4285714285714287e-05	0.0002245281794939322
87	45	1.4285714285714287e-05	0.00021438907310212095
87	46	1.4285714285714287e-05	0.0002842915328121942
87	77	1.4285714285714287e-05	0.00021600663397952679
87	86	1.4285714285714287e-05	0.00020963207226028656
87	88	1.4285714285714287e-05	0.0002101289707034817
87	93	1.4285714285714287e-05	0.0002228713265299999
87	94	1.4285714285714287e-05	0.00029918303165923
88	40	1.4285714285714287e-05	5.000000000000008e-05
88	41	1.4285714285714287e-05	0.00020338089169107915
88	77	1.4285714285714287e-05	0.00025840193800555784
88	46	1.4285714285714287e-05	0.0002042469391993639
88	78	1.4285714285714287e-05	0.00020011979972296852
88	79	1.4285714285714287e-05	0.00027668657381816757
88	87	1.4285714285714287e-05	0.0002101289707034817
88	89	1.4285714285714287e-05	0.0002107504607147881
88	94	1.4285714285714287e-05	0.00021170548861852828
89	41	1.4285714285714287e-05	5.000000000000023e-05
89	42	1.4285714285714287e-05	0.00020411285062064765
89	46	1.4285714285714287e-05	0.00017990969390066982
89	79	1.4285714285714287e-05	0.00020779409890573028
89	80	1.4285714285714287e-05	0.00022984211178050265
89	88	1.4285714285714287e-05	0.0002107504607147881
89	90	1.4285714285714287e-05	0.00021155764034144918
89	94	1.4285714285714287e-05	0.00018475465726798028
90	42	1.4285714285714287e-05	4.9999999999999847e-05
90	43	1.4285714285714287e-05	0.00020510904106264087
90	46	1.4285714285714287e-05	0.00023125164843525975
90	47	1.4285714285714287e-05	0.0002491474825983726
90	80	1.4285714285714287e-05	0.000245655471217169
90	81	1.4285714285714287e-05	0.00019963752276307937
90	82	1.4285714285714287e-05	0.00027685019244523513
90	89	1.4285714285714287e-05	0.00021155764034144918
90	91	1.4285714285714287e-05	0.00021265590912655417
90	94	1.4285714285714287e-05	0.00024137066907624547
90	95	1.4285714285714287e-05	0.0002609312292213769
91	43	1.4285714285714287e-05	5.0000000000000124e-05
91	44	1.4285714285714287e-05	0.0002065442380789512
91	47	1.4285714285714287e-05	0.00022396333286519248
91	82	1.4285714285714287e-05	0.00021120744544977067
91	83	1.4285714285714287e-05	0.000216058318646564
91	90	1.4285714285714287e-05	0.00021265590912655417
91	92	1.4285714285714287e-05	0.00021423757782588495
91	95	1.4285714285714287e-05	0.00023338398639663103
92	44	1.4285714285714287e-05	5.000000000000002e-05
92	45	1.4285714285714287e-05	0.0002087261420286944
92	47	1.4285714285714287e-05	0.00019556247301326447
92	83	1.4285714285714287e-05	0.0002752339542252206
92	84	1.4285714285714287e-05	0.00019796454787940072
92	85	1.4285714285714287e-05	0.00023021687101267206
92	91	1.4285714285714287e-05	0.00021423757782588495
92	93	1.4285714285714287e-05	0.0002166408545197925
92	95	1.4285714285714287e-05	0.00020211646105596444
93	45	1.4285714285714287e-05	5.000000000000006e-05
93	46	1.4285714285714287e-05	0.0002113186802171267
93	47	1.4285714285714287e-05	0.00016226455939003618
93	85	1.4285714285714287e-05	0.0002663984880170523
93	86	1.4285714285714287e-05	0.00019436886853946
93	87	1.4285714285714287e-05	0.0002228713265299999
93	92	1.4285714285714287e-05	0.0002166408545197925
93	94	1.4285714285714287e-05	0.00021949444407861645
93	95	1.4285714285714287e-05	0.0001650273994014071
94	46	1.4285714285714287e-05	5.0000000000000057e-05
94	47	1.4285714285714287e-05	0.000120062040699887
94	87	1.4285714285714287e-05	0.00029918303165923
94	88	1.4285714285714287e-05	0.00021170548861852828
94	89	1.4285714285714287e-05	0.00018475465726798028
94	90	1.4285714285714287e-05	0.00024137066907624547
94	93	1.4285714285714287e-05	0.00021949444407861645
94	95	1.4285714285714287e-05	0.00011669199319831573
95	47	1.4285714285714287e-05	5e-05
95	90	1.4285714285714287e-05	0.0002609312292213769
95	91	1.4285714285714287e-05	0.00023338398639663103
95	92	1.4285714285714287e-05	0.00020211646105596444
95	93	1.4285714285714287e-05	0.0001650273994014071
95	94	1.4285714285714287e-05	0.00011669199319831573
