0	1	1.4285714285714287e-05	0.00013127849234810507
0	2	1.4285714285714287e-05	0.00018565582432658294
0	3	1.4285714285714287e-05	0.00022738101868796008
0	4	1.4285714285714287e-05	0.0002625569846962101
0	5	1.4285714285714287e-05	0.000293547632874049
0	6	1.4285714285714287e-05	0.0003215653204547233
0	48	1.4285714285714287e-05	5e-05
1	0	1.4285714285714287e-05	0.00013127849234810507
1	2	1.4285714285714287e-05	0.00019243111293295746
1	3	1.4285714285714287e-05	0.0003269438243744008
1	4	1.4285714285714287e-05	0.00038449407914879904
1	5	1.4285714285714287e-05	0.0003738468071323626
1	6	1.4285714285714287e-05	0.0003186170586324997
1	7	1.4285714285714287e-05	0.00025795765954174317
1	8	1.4285714285714287e-05	0.000247897707461799
1	9	1.4285714285714287e-05	0.000308885609387044
1	48	1.4285714285714287e-05	0.00014713577461043513
1	49	1.4285714285714287e-05	5.000000000000007e-05
2	0	1.4285714285714287e-05	0.00018565582432658294
2	1	1.4285714285714287e-05	0.00019243111293295746
2	3	1.4285714285714287e-05	0.00020709951826180118
2	4	1.4285714285714287e-05	0.000367425966558922
2	5	1.4285714285714287e-05	0.00045767970226771713
2	6	1.4285714285714287e-05	0.00047559192508633786
2	7	1.4285714285714287e-05	0.00043205674309487177
2	8	1.4285714285714287e-05	0.00034858647517495636
2	9	1.4285714285714287e-05	0.00026311776411421076
2	10	1.4285714285714287e-05	0.00024180465620685554
2	11	1.4285714285714287e-05	0.0003141314406332919
2	48	1.4285714285714287e-05	0.0002019848319563268
2	49	1.4285714285714287e-05	0.0002089118187833131
2	50	1.4285714285714287e-05	5.000000000000002e-05
3	0	1.4285714285714287e-05	0.00022738101868796008
3	1	1.4285714285714287e-05	0.0003269438243744008
3	2	1.4285714285714287e-05	0.00020709951826180118
3	4	1.4285714285714287e-05	0.00021417622837639194
3	5	1.4285714285714287e-05	0.0003892021977531189
3	6	1.4285714285714287e-05	0.0005017619212954163
3	7	1.4285714285714287e-05	0.0005445561065483335
3	8	1.4285714285714287e-05	0.0005217521071967483
3	9	1.4285714285714287e-05	0.00044639834451080143
3	10	1.4285714285714287e-05	0.00034131681262330603
3	11	1.4285714285714287e-05	0.00025043265058744116
3	12	1.4285714285714287e-05	0.00025039223706845167
3	48	1.4285714285714287e-05	0.00024484037353067055
3	50	1.4285714285714287e-05	0.00022395488252044117
3	51	1.4285714285714287e-05	4.9999999999999996e-05
4	0	1.4285714285714287e-05	0.0002625569846962101
4	1	1.4285714285714287e-05	0.00038449407914879904
4	2	1.4285714285714287e-05	0.000367425966558922
4	3	1.4285714285714287e-05	0.00021417622837639194
4	5	1.4285714285714287e-05	0.00021836581198649718
4	6	1.4285714285714287e-05	0.00040291032144459797
4	7	1.4285714285714287e-05	0.0005312628009644183
4	8	1.4285714285714287e-05	0.000593624648781668
4	9	1.4285714285714287e-05	0.0005901291719396449
4	10	1.4285714285714287e-05	0.0005288784630878739
4	11	1.4285714285714287e-05	0.0004254550734859429
4	12	1.4285714285714287e-05	0.0003074156351809824
4	13	1.4285714285714287e-05	0.000234690169923445
4	14	1.4285714285714287e-05	0.00028241312592749713
4	48	1.4285714285714287e-05	0.00028123965702022004
4	51	1.4285714285714287e-05	0.0002312321027345479
4	52	1.4285714285714287e-05	5.000000000000014e-05
5	0	1.4285714285714287e-05	0.000293547632874049
5	1	1.4285714285714287e-05	0.0003738468071323626
5	2	1.4285714285714287e-05	0.00045767970226771713
5	3	1.4285714285714287e-05	0.0003892021977531189
5	4	1.4285714285714287e-05	0.00021836581198649718
5	6	1.4285714285714287e-05	0.00022114290771424856
5	7	1.4285714285714287e-05	0.0004123491768727144
5	8	1.4285714285714287e-05	0.0005523757947844301
5	9	1.4285714285714287e-05	0.0006301304402292576
5	10	1.4285714285714287e-05	0.0006431583609400194
5	11	1.4285714285714287e-05	0.0005962631331676892
5	12	1.4285714285714287e-05	0.0005007676999935431
5	13	1.4285714285714287e-05	0.0003761483245092244
5	14	1.4285714285714287e-05	0.00026170094594898935
5	15	1.4285714285714287e-05	0.00024233342748658109
5	48	1.4285714285714287e-05	0.0003134400753749652
5	52	1.4285714285714287e-05	0.00023554576777377214
5	53	1.4285714285714287e-05	5.000000000000009e-05
6	0	1.4285714285714287e-05	0.0003215653204547233
6	1	1.4285714285714287e-05	0.0003186170586324997
6	2	1.4285714285714287e-05	0.00047559192508633786
6	3	1.4285714285714287e-05	0.0005017619212954163
6	4	1.4285714285714287e-05	0.00040291032144459797
6	5	1.4285714285714287e-05	0.00022114290771424856
6	7	1.4285714285714287e-05	0.00022312289237703842
6	8	1.4285714285714287e-05	0.0004192435906878492
6	9	1.4285714285714287e-05	0.0005682026215479243
6	10	1.4285714285714287e-05	0.0006582348686086689
6	11	1.4285714285714287e-05	0.0006851490915499744
6	12	1.4285714285714287e-05	0.0006514012927048989
6	13	1.4285714285714287e-05	0.0005654174696018847
6	14	1.4285714285714287e-05	0.00044213802403146097
6	15	1.4285714285714287e-05	0.0003090192685390651
6	16	1.4285714285714287e-05	0.00023223716981187164
6	17	1.4285714285714287e-05	0.0002937835413099795
6	48	1.4285714285714287e-05	0.0003426275193577955
6	49	1.4285714285714287e-05	0.0003395533504990633
6	53	1.4285714285714287e-05	0.00023840718117519645
6	54	1.4285714285714287e-05	5.000000000000009e-05
7	1	1.4285714285714287e-05	0.00025795765954174317
7	2	1.4285714285714287e-05	0.00043205674309487177
7	3	1.4285714285714287e-05	0.0005445561065483335
7	4	1.4285714285714287e-05	0.0005312628009644183
7	5	1.4285714285714287e-05	0.0004123491768727144
7	6	1.4285714285714287e-05	0.00022312289237703842
7	8	1.4285714285714287e-05	0.00022460890142313858
7	9	1.4285714285714287e-05	0.00042449528177443115
7	10	1.4285714285714287e-05	0.0005804738359491146
7	11	1.4285714285714287e-05	0.0006804422213925363
7	12	1.4285714285714287e-05	0.0007190028581069614
7	13	1.4285714285714287e-05	0.0006968736935528192
7	14	1.4285714285714287e-05	0.0006203502186523516
7	15	1.4285714285714287e-05	0.0005014310551955812
7	16	1.4285714285714287e-05	0.0003610507421356312
7	17	1.4285714285714287e-05	0.0002468819119374865
7	18	1.4285714285714287e-05	0.000257437761978183
7	49	1.4285714285714287e-05	0.00027647011917355114
7	54	1.4285714285714287e-05	0.00024044825061791828
7	55	1.4285714285714287e-05	4.9999999999999847e-05
8	1	1.4285714285714287e-05	0.000247897707461799
8	2	1.4285714285714287e-05	0.00034858647517495636
8	3	1.4285714285714287e-05	0.0005217521071967483
8	4	1.4285714285714287e-05	0.000593624648781668
8	5	1.4285714285714287e-05	0.0005523757947844301
8	6	1.4285714285714287e-05	0.0004192435906878492
8	7	1.4285714285714287e-05	0.00022460890142313858
8	9	1.4285714285714287e-05	0.00022576776311235383
8	10	1.4285714285714287e-05	0.0004286229278588504
8	11	1.4285714285714287e-05	0.0005902328440554152
8	12	1.4285714285714287e-05	0.0006983436951734064
8	13	1.4285714285714287e-05	0.0007466944933333197
8	14	1.4285714285714287e-05	0.0007346789247563683
8	15	1.4285714285714287e-05	0.0006669537472988891
8	16	1.4285714285714287e-05	0.0005534141361216721
8	17	1.4285714285714287e-05	0.0004110686681767128
8	18	1.4285714285714287e-05	0.0002753943401978562
8	19	1.4285714285714287e-05	0.00023671808569830058
8	49	1.4285714285714287e-05	0.00026604776798499016
8	55	1.4285714285714287e-05	0.00024198062043273246
8	56	1.4285714285714287e-05	5.0000000000000084e-05
9	1	1.4285714285714287e-05	0.000308885609387044
9	2	1.4285714285714287e-05	0.00026311776411421076
9	3	1.4285714285714287e-05	0.00044639834451080143
9	4	1.4285714285714287e-05	0.0005901291719396449
9	5	1.4285714285714287e-05	0.0006301304402292576
9	6	1.4285714285714287e-05	0.0005682026215479243
9	7	1.4285714285714287e-05	0.00042449528177443115
9	8	1.4285714285714287e-05	0.00022576776311235383
9	10	1.4285714285714287e-05	0.0002266989427622407
9	11	1.4285714285714287e-05	0.0004319464401243834
9	12	1.4285714285714287e-05	0.0005981466156647527
9	13	1.4285714285714287e-05	0.0007129968255042637
9	14	1.4285714285714287e-05	0.0007696007014027093
9	15	1.4285714285714287e-05	0.0007663189524218737
9	16	1.4285714285714287e-05	0.0007065108915204001
9	17	1.4285714285714287e-05	0.0005984738890268137
9	18	1.4285714285714287e-05	0.0004566215542771008
9	19	1.4285714285714287e-05	0.00030894953072224614
9	20	1.4285714285714287e-05	0.0002304072898392685
9	21	1.4285714285714287e-05	0.00030923814795690837
9	49	1.4285714285714287e-05	0.00032941078658451414
9	50	1.4285714285714287e-05	0.0002818213732775928
9	56	1.4285714285714287e-05	0.00024317593736213115
9	57	1.4285714285714287e-05	4.999999999999989e-05
10	2	1.4285714285714287e-05	0.00024180465620685554
10	3	1.4285714285714287e-05	0.00034131681262330603
10	4	1.4285714285714287e-05	0.0005288784630878739
10	5	1.4285714285714287e-05	0.0006431583609400194
10	6	1.4285714285714287e-05	0.0006582348686086689
10	7	1.4285714285714287e-05	0.0005804738359491146
10	8	1.4285714285714287e-05	0.0004286229278588504
10	9	1.4285714285714287e-05	0.0002266989427622407
10	11	1.4285714285714287e-05	0.00022746546513447932
10	12	1.4285714285714287e-05	0.0004346739599656996
10	13	1.4285714285714287e-05	0.0006046613699174318
10	14	1.4285714285714287e-05	0.0007251307439017218
10	15	1.4285714285714287e-05	0.0007887048995598916
10	16	1.4285714285714287e-05	0.0007929218645551743
10	17	1.4285714285714287e-05	0.0007400921513674456
10	18	1.4285714285714287e-05	0.0006372528441154776
10	19	1.4285714285714287e-05	0.0004969745615107552
10	20	1.4285714285714287e-05	0.0003425546305054965
10	21	1.4285714285714287e-05	0.00023491851869899942
10	22	1.4285714285714287e-05	0.00028258167595562845
10	50	1.4285714285714287e-05	0.0002597423761330438
10	57	1.4285714285714287e-05	0.00024413659803369122
10	58	1.4285714285714287e-05	4.99999999999997e-05
11	2	1.4285714285714287e-05	0.0003141314406332919
11	3	1.4285714285714287e-05	0.00025043265058744116
11	4	1.4285714285714287e-05	0.0004254550734859429
11	5	1.4285714285714287e-05	0.0005962631331676892
11	6	1.4285714285714287e-05	0.0006851490915499744
11	7	1.4285714285714287e-05	0.0006804422213925363
11	8	1.4285714285714287e-05	0.0005902328440554152
11	9	1.4285714285714287e-05	0.0004319464401243834
11	10	1.4285714285714287e-05	0.00022746546513447932
11	12	1.4285714285714287e-05	0.00022810923122519027
11	13	1.4285714285714287e-05	0.00043694674943113473
11	14	1.4285714285714287e-05	0.0006100866886978866
11	15	1.4285714285714287e-05	0.0007352634471319925
11	16	1.4285714285714287e-05	0.0008047250080805508
11	17	1.4285714285714287e-05	0.0008153413866079859
11	18	1.4285714285714287e-05	0.0007685614103065239
11	19	1.4285714285714287e-05	0.0006704039212449308
11	20	1.4285714285714287e-05	0.0005320642844821057
11	21	1.4285714285714287e-05	0.00037375456256181496
11	22	1.4285714285714287e-05	0.0002458713145076704
11	23	1.4285714285714287e-05	0.00026284551698084696
11	50	1.4285714285714287e-05	0.0003348773606268212
11	51	1.4285714285714287e-05	0.0002686726890976191
11	58	1.4285714285714287e-05	0.00024492751269813366
11	59	1.4285714285714287e-05	4.999999999999997e-05
12	3	1.4285714285714287e-05	0.00025039223706845167
12	4	1.4285714285714287e-05	0.0003074156351809824
12	5	1.4285714285714287e-05	0.0005007676999935431
12	6	1.4285714285714287e-05	0.0006514012927048989
12	7	1.4285714285714287e-05	0.0007190028581069614
12	8	1.4285714285714287e-05	0.0006983436951734064
12	9	1.4285714285714287e-05	0.0005981466156647527
12	10	1.4285714285714287e-05	0.0004346739599656996
12	11	1.4285714285714287e-05	0.00022810923122519027
12	13	1.4285714285714287e-05	0.00022865920897187912
12	14	1.4285714285714287e-05	0.0004388640101697525
12	15	1.4285714285714287e-05	0.0006146437619290081
12	16	1.4285714285714287e-05	0.0007437720227470922
12	17	1.4285714285714287e-05	0.0008181948212152099
12	18	1.4285714285714287e-05	0.0008342294776855891
12	19	1.4285714285714287e-05	0.0007926072805123886
12	20	1.4285714285714287e-05	0.0006985115382213377
12	21	1.4285714285714287e-05	0.0005620788148371365
12	22	1.4285714285714287e-05	0.00040141335655914466
12	23	1.4285714285714287e-05	0.0002595509912314392
12	24	1.4285714285714287e-05	0.0002491481508580969
12	51	1.4285714285714287e-05	0.00026863083380593284
12	52	1.4285714285714287e-05	0.00032787933545018076
12	59	1.4285714285714287e-05	0.0002455918505935029
12	60	1.4285714285714287e-05	5.000000000000002e-05
13	4	1.4285714285714287e-05	0.000234690169923445
13	5	1.4285714285714287e-05	0.0003761483245092244
13	6	1.4285714285714287e-05	0.0005654174696018847
13	7	1.4285714285714287e-05	0.0006968736935528192
13	8	1.4285714285714287e-05	0.0007466944933333197
13	9	1.4285714285714287e-05	0.0007129968255042637
13	10	1.4285714285714287e-05	0.0006046613699174318
13	11	1.4285714285714287e-05	0.00043694674943113473
13	12	1.4285714285714287e-05	0.00022865920897187912
13	14	1.4285714285714287e-05	0.00022913608930621342
13	15	1.4285714285714287e-05	0.0004404973859482795
13	16	1.4285714285714287e-05	0.0006184944379736634
13	17	1.4285714285714287e-05	0.0007509364143407778
13	18	1.4285714285714287e-05	0.0008295170980532352
13	19	1.4285714285714287e-05	0.0008500879067857235
13	20	1.4285714285714287e-05	0.0008127756703113857
13	21	1.4285714285714287e-05	0.0007220714912904154
13	22	1.4285714285714287e-05	0.0005872830115640087
13	23	1.4285714285714287e-05	0.0004250381237923605
13	24	1.4285714285714287e-05	0.00027337317984137827
13	25	1.4285714285714287e-05	0.0002402944825467812
13	52	1.4285714285714287e-05	0.0002523874355445865
13	60	1.4285714285714287e-05	0.0002461594646828342
13	61	1.4285714285714287e-05	4.999999999999997e-05
14	4	1.4285714285714287e-05	0.00028241312592749713
14	5	1.4285714285714287e-05	0.00026170094594898935
14	6	1.4285714285714287e-05	0.00044213802403146097
14	7	1.4285714285714287e-05	0.0006203502186523516
14	8	1.4285714285714287e-05	0.0007346789247563683
14	9	1.4285714285714287e-05	0.0007696007014027093
14	10	1.4285714285714287e-05	0.0007251307439017218
14	11	1.4285714285714287e-05	0.0006100866886978866
14	12	1.4285714285714287e-05	0.0004388640101697525
14	13	1.4285714285714287e-05	0.00022913608930621342
14	15	1.4285714285714287e-05	0.00022955506883732283
14	16	1.4285714285714287e-05	0.00044189983037881914
14	17	1.4285714285714287e-05	0.0006217594324165514
14	18	1.4285714285714287e-05	0.0007569676307368741
14	19	1.4285714285714287e-05	0.0008389990212704212
14	20	1.4285714285714287e-05	0.0008633047847001966
14	21	1.4285714285714287e-05	0.0008294973545688803
14	22	1.4285714285714287e-05	0.0007414916150314915
14	23	1.4285714285714287e-05	0.0006079437123074867
14	24	1.4285714285714287e-05	0.0004444428784379126
14	25	1.4285714285714287e-05	0.0002857123970967013
14	26	1.4285714285714287e-05	0.00023499337749622793
14	52	1.4285714285714287e-05	0.00030185937435269486
14	53	1.4285714285714287e-05	0.000280351733662071
14	61	1.4285714285714287e-05	0.0002466516829290177
14	62	1.4285714285714287e-05	5.000000000000001e-05
15	5	1.4285714285714287e-05	0.00024233342748658109
15	6	1.4285714285714287e-05	0.0003090192685390651
15	7	1.4285714285714287e-05	0.0005014310551955812
15	8	1.4285714285714287e-05	0.0006669537472988891
15	9	1.4285714285714287e-05	0.0007663189524218737
15	10	1.4285714285714287e-05	0.0007887048995598916
15	11	1.4285714285714287e-05	0.0007352634471319925
15	12	1.4285714285714287e-05	0.0006146437619290081
15	13	1.4285714285714287e-05	0.0004404973859482795
15	14	1.4285714285714287e-05	0.00022955506883732283
15	16	1.4285714285714287e-05	0.00022992758416412581
15	17	1.4285714285714287e-05	0.0004431112381832175
15	18	1.4285714285714287e-05	0.0006245301290933868
15	19	1.4285714285714287e-05	0.0007620264483830454
15	20	1.4285714285714287e-05	0.0008468763715369104
15	21	1.4285714285714287e-05	0.0008741805508893252
15	22	1.4285714285714287e-05	0.0008431097263677425
15	23	1.4285714285714287e-05	0.0007570990453966741
15	24	1.4285714285714287e-05	0.000624297624306005
15	25	1.4285714285714287e-05	0.0004595825002421532
15	26	1.4285714285714287e-05	0.00029559458515892803
15	27	1.4285714285714287e-05	0.00023206777198772415
15	53	1.4285714285714287e-05	0.0002602893477083492
15	54	1.4285714285714287e-05	0.00032955004396300854
15	62	1.4285714285714287e-05	0.00024708417285727657
15	63	1.4285714285714287e-05	4.999999999999989e-05
16	6	1.4285714285714287e-05	0.00023223716981187164
16	7	1.4285714285714287e-05	0.0003610507421356312
16	8	1.4285714285714287e-05	0.0005534141361216721
16	9	1.4285714285714287e-05	0.0007065108915204001
16	10	1.4285714285714287e-05	0.0007929218645551743
16	11	1.4285714285714287e-05	0.0008047250080805508
16	12	1.4285714285714287e-05	0.0007437720227470922
16	13	1.4285714285714287e-05	0.0006184944379736634
16	14	1.4285714285714287e-05	0.00044189983037881914
16	15	1.4285714285714287e-05	0.00022992758416412581
16	17	1.4285714285714287e-05	0.00023026243224035517
16	18	1.4285714285714287e-05	0.0004441621367789166
16	19	1.4285714285714287e-05	0.0006268764432050044
16	20	1.4285714285714287e-05	0.000766236099854369
16	21	1.4285714285714287e-05	0.0008533302852870391
16	22	1.4285714285714287e-05	0.0008829465503274471
16	23	1.4285714285714287e-05	0.0008538733948279141
16	24	1.4285714285714287e-05	0.0007691486550511547
16	25	1.4285714285714287e-05	0.00063653801567648
16	26	1.4285714285714287e-05	0.0004704690067409806
16	27	1.4285714285714287e-05	0.00030245318661003043
16	28	1.4285714285714287e-05	0.0002306042813991854
16	54	1.4285714285714287e-05	0.00024985351940293176
16	63	1.4285714285714287e-05	0.0002474687274509002
16	64	1.4285714285714287e-05	5.000000000000012e-05
17	6	1.4285714285714287e-05	0.0002937835413099795
17	7	1.4285714285714287e-05	0.0002468819119374865
17	8	1.4285714285714287e-05	0.0004110686681767128
17	9	1.4285714285714287e-05	0.0005984738890268137
17	10	1.4285714285714287e-05	0.0007400921513674456
17	11	1.4285714285714287e-05	0.0008153413866079859
17	12	1.4285714285714287e-05	0.0008181948212152099
17	13	1.4285714285714287e-05	0.0007509364143407778
17	14	1.4285714285714287e-05	0.0006217594324165514
17	15	1.4285714285714287e-05	0.0004431112381832175
17	16	1.4285714285714287e-05	0.00023026243224035517
17	18	1.4285714285714287e-05	0.00023056651712202606
17	19	1.4285714285714287e-05	0.0004450761719386691
17	20	1.4285714285714287e-05	0.0006288521794750533
17	21	1.4285714285714287e-05	0.0007696910357041288
17	22	1.4285714285714287e-05	0.0008584990049518851
17	23	1.4285714285714287e-05	0.0008897783313969652
17	24	1.4285714285714287e-05	0.000861984555558963
17	25	1.4285714285714287e-05	0.0007778306103540868
17	26	1.4285714285714287e-05	0.0006448096980240064
17	27	1.4285714285714287e-05	0.0004771283776014118
17	28	1.4285714285714287e-05	0.0003059737808664988
17	29	1.4285714285714287e-05	0.00023003289259312972
17	54	1.4285714285714287e-05	0.0003136855629175894
17	55	1.4285714285714287e-05	0.000264996181192419
17	64	1.4285714285714287e-05	0.00024781441914205836
17	65	1.4285714285714287e-05	4.999999999999993e-05
18	7	1.4285714285714287e-05	0.000257437761978183
18	8	1.4285714285714287e-05	0.0002753943401978562
18	9	1.4285714285714287e-05	0.0004566215542771008
18	10	1.4285714285714287e-05	0.0006372528441154776
18	11	1.4285714285714287e-05	0.0007685614103065239
18	12	1.4285714285714287e-05	0.0008342294776855891
18	13	1.4285714285714287e-05	0.0008295170980532352
18	14	1.4285714285714287e-05	0.0007569676307368741
18	15	1.4285714285714287e-05	0.0006245301290933868
18	16	1.4285714285714287e-05	0.0004441621367789166
18	17	1.4285714285714287e-05	0.00023056651712202606
18	19	1.4285714285714287e-05	0.00023084536179750965
18	20	1.4285714285714287e-05	0.00044587181902595256
18	21	1.4285714285714287e-05	0.0006304987457364234
18	22	1.4285714285714287e-05	0.0007724630432678598
18	23	1.4285714285714287e-05	0.0008624861512687502
18	24	1.4285714285714287e-05	0.000894805101212478
18	25	1.4285714285714287e-05	0.000867583956666101
18	26	1.4285714285714287e-05	0.000783276335274096
18	27	1.4285714285714287e-05	0.0006492074669086034
18	28	1.4285714285714287e-05	0.00047957812515442137
18	29	1.4285714285714287e-05	0.00030600675977076583
18	30	1.4285714285714287e-05	0.0002301594068752023
18	55	1.4285714285714287e-05	0.0002759311534349254
18	56	1.4285714285714287e-05	0.0002945656738940919
18	65	1.4285714285714287e-05	0.0002481283691465222
18	66	1.4285714285714287e-05	4.9999999999999874e-05
19	8	1.4285714285714287e-05	0.00023671808569830058
19	9	1.4285714285714287e-05	0.00030894953072224614
19	10	1.4285714285714287e-05	0.0004969745615107552
19	11	1.4285714285714287e-05	0.0006704039212449308
19	12	1.4285714285714287e-05	0.0007926072805123886
19	13	1.4285714285714287e-05	0.0008500879067857235
19	14	1.4285714285714287e-05	0.0008389990212704212
19	15	1.4285714285714287e-05	0.0007620264483830454
19	16	1.4285714285714287e-05	0.0006268764432050044
19	17	1.4285714285714287e-05	0.0004450761719386691
19	18	1.4285714285714287e-05	0.00023084536179750965
19	20	1.4285714285714287e-05	0.00023110346816054988
19	21	1.4285714285714287e-05	0.00044656358201808875
19	22	1.4285714285714287e-05	0.0006318477533319224
19	23	1.4285714285714287e-05	0.000774605529748909
19	24	1.4285714285714287e-05	0.0008653665020091809
19	25	1.4285714285714287e-05	0.0008981162995885884
19	26	1.4285714285714287e-05	0.0008707630936559331
19	27	1.4285714285714287e-05	0.0007855626833256576
19	28	1.4285714285714287e-05	0.0006497757064779557
19	29	1.4285714285714287e-05	0.00047781614338001163
19	30	1.4285714285714287e-05	0.00030252796000468905
19	31	1.4285714285714287e-05	0.00023117667010534725
19	56	1.4285714285714287e-05	0.0002544830317344208
19	57	1.4285714285714287e-05	0.00032947738505008205
19	66	1.4285714285714287e-05	0.0002484162748815496
19	67	1.4285714285714287e-05	5.000000000000004e-05
20	9	1.4285714285714287e-05	0.0002304072898392685
20	10	1.4285714285714287e-05	0.0003425546305054965
20	11	1.4285714285714287e-05	0.0005320642844821057
20	12	1.4285714285714287e-05	0.0006985115382213377
20	13	1.4285714285714287e-05	0.0008127756703113857
20	14	1.4285714285714287e-05	0.0008633047847001966
20	15	1.4285714285714287e-05	0.0008468763715369104
20	16	1.4285714285714287e-05	0.000766236099854369
20	17	1.4285714285714287e-05	0.0006288521794750533
20	18	1.4285714285714287e-05	0.00044587181902595256
20	19	1.4285714285714287e-05	0.00023110346816054988
20	21	1.4285714285714287e-05	0.0002313445765367814
20	22	1.4285714285714287e-05	0.00044716284407831064
20	23	1.4285714285714287e-05	0.0006329228396275382
20	24	1.4285714285714287e-05	0.0007761564845259749
20	25	1.4285714285714287e-05	0.0008671899124780898
20	26	1.4285714285714287e-05	0.0008997659234791118
20	27	1.4285714285714287e-05	0.0008715680766988911
20	28	1.4285714285714287e-05	0.0007847142928022323
20	29	1.4285714285714287e-05	0.0006465080607012916
20	30	1.4285714285714287e-05	0.0004718165038820913
20	31	1.4285714285714287e-05	0.0002956370286511586
20	32	1.4285714285714287e-05	0.00023366519680363424
20	57	1.4285714285714287e-05	0.0002479639741106595
20	67	1.4285714285714287e-05	0.0002486827809699075
20	68	1.4285714285714287e-05	4.999999999999981e-05
21	9	1.4285714285714287e-05	0.00030923814795690837
21	10	1.4285714285714287e-05	0.00023491851869899942
21	11	1.4285714285714287e-05	0.00037375456256181496
21	12	1.4285714285714287e-05	0.0005620788148371365
21	13	1.4285714285714287e-05	0.0007220714912904154
21	14	1.4285714285714287e-05	0.0008294973545688803
21	15	1.4285714285714287e-05	0.0008741805508893252
21	16	1.4285714285714287e-05	0.0008533302852870391
21	17	1.4285714285714287e-05	0.0007696910357041288
21	18	1.4285714285714287e-05	0.0006304987457364234
21	19	1.4285714285714287e-05	0.00044656358201808875
21	20	1.4285714285714287e-05	0.0002313445765367814
21	22	1.4285714285714287e-05	0.0002315718575721185
21	23	1.4285714285714287e-05	0.00044767847417203255
21	24	1.4285714285714287e-05	0.0006337409267626482
21	25	1.4285714285714287e-05	0.0007771404491455573
21	26	1.4285714285714287e-05	0.0008679837806749779
21	27	1.4285714285714287e-05	0.0008997749973510353
21	28	1.4285714285714287e-05	0.0008700014432537361
21	29	1.4285714285714287e-05	0.0007807041286814125
21	30	1.4285714285714287e-05	0.0006393466810253064
21	31	1.4285714285714287e-05	0.00046153080820021143
21	32	1.4285714285714287e-05	0.00028559386449424995
21	33	1.4285714285714287e-05	0.00023857219537173614
21	57	1.4285714285714287e-05	0.0003297780939962487
21	58	1.4285714285714287e-05	0.0002526233701420449
21	68	1.4285714285714287e-05	0.00024893174676557145
21	69	1.4285714285714287e-05	5e-05
22	10	1.4285714285714287e-05	0.00028258167595562845
22	11	1.4285714285714287e-05	0.0002458713145076704
22	12	1.4285714285714287e-05	0.00040141335655914466
22	13	1.4285714285714287e-05	0.0005872830115640087
22	14	1.4285714285714287e-05	0.0007414916150314915
22	15	1.4285714285714287e-05	0.0008431097263677425
22	16	1.4285714285714287e-05	0.0008829465503274471
22	17	1.4285714285714287e-05	0.0008584990049518851
22	18	1.4285714285714287e-05	0.0007724630432678598
22	19	1.4285714285714287e-05	0.0006318477533319224
22	20	1.4285714285714287e-05	0.00044716284407831064
22	21	1.4285714285714287e-05	0.0002315718575721185
22	23	1.4285714285714287e-05	0.0002317880580561753
22	24	1.4285714285714287e-05	0.0004481172573162397
22	25	1.4285714285714287e-05	0.0006343130528104143
22	26	1.4285714285714287e-05	0.0007775696987428718
22	27	1.4285714285714287e-05	0.0008677542962455539
22	28	1.4285714285714287e-05	0.0008981324047296685
22	29	1.4285714285714287e-05	0.0008660220354044855
22	30	1.4285714285714287e-05	0.0007734521792425635
22	31	1.4285714285714287e-05	0.0006281809308307224
22	32	1.4285714285714287e-05	0.0004468960092676311
22	33	1.4285714285714287e-05	0.0002729046940041535
22	34	1.4285714285714287e-05	0.0002471404196718896
22	58	1.4285714285714287e-05	0.0003020345888689127
22	59	1.4285714285714287e-05	0.00026395012849174913
22	69	1.4285714285714287e-05	0.00024916644419031674
22	70	1.4285714285714287e-05	4.999999999999994e-05
23	11	1.4285714285714287e-05	0.00026284551698084696
23	12	1.4285714285714287e-05	0.0002595509912314392
23	13	1.4285714285714287e-05	0.0004250381237923605
23	14	1.4285714285714287e-05	0.0006079437123074867
23	15	1.4285714285714287e-05	0.0007570990453966741
23	16	1.4285714285714287e-05	0.0008538733948279141
23	17	1.4285714285714287e-05	0.0008897783313969652
23	18	1.4285714285714287e-05	0.0008624861512687502
23	19	1.4285714285714287e-05	0.000774605529748909
23	20	1.4285714285714287e-05	0.0006329228396275382
23	21	1.4285714285714287e-05	0.00044767847417203255
23	22	1.4285714285714287e-05	0.0002317880580561753
23	24	1.4285714285714287e-05	0.00023199561532706337
23	25	1.4285714285714287e-05	0.0004484841921995221
23	26	1.4285714285714287e-05	0.0006346448587092805
23	27	1.4285714285714287e-05	0.0007774447494165254
23	28	1.4285714285714287e-05	0.0008664865869591592
23	29	1.4285714285714287e-05	0.000894794145223458
23	30	1.4285714285714287e-05	0.0008595429141351758
23	31	1.4285714285714287e-05	0.0007628222138458656
23	32	1.4285714285714287e-05	0.0006128457665766873
23	33	1.4285714285714287e-05	0.00042785244493857394
23	34	1.4285714285714287e-05	0.00025848178263148525
23	35	1.4285714285714287e-05	0.00026075955750612314
23	59	1.4285714285714287e-05	0.00028153895684045156
23	60	1.4285714285714287e-05	0.0002781221095714427
23	70	1.4285714285714287e-05	0.0002493897081041657
23	71	1.4285714285714287e-05	4.9999999999999894e-05
24	12	1.4285714285714287e-05	0.0002491481508580969
24	13	1.4285714285714287e-05	0.00027337317984137827
24	14	1.4285714285714287e-05	0.0004444428784379126
24	15	1.4285714285714287e-05	0.000624297624306005
24	16	1.4285714285714287e-05	0.0007691486550511547
24	17	1.4285714285714287e-05	0.000861984555558963
24	18	1.4285714285714287e-05	0.000894805101212478
24	19	1.4285714285714287e-05	0.0008653665020091809
24	20	1.4285714285714287e-05	0.0007761564845259749
24	21	1.4285714285714287e-05	0.0006337409267626482
24	22	1.4285714285714287e-05	0.0004481172573162397
24	23	1.4285714285714287e-05	0.00023199561532706337
24	25	1.4285714285714287e-05	0.00023219675058844144
24	26	1.4285714285714287e-05	0.0004487826837503955
24	27	1.4285714285714287e-05	0.0006347367757507671
24	28	1.4285714285714287e-05	0.0007767542355724135
24	29	1.4285714285714287e-05	0.0008641437682767798
24	30	1.4285714285714287e-05	0.0008896809380594975
24	31	1.4285714285714287e-05	0.0008504271287826315
24	32	1.4285714285714287e-05	0.0007486164423752557
24	33	1.4285714285714287e-05	0.0005931205173978641
24	34	1.4285714285714287e-05	0.0004043807408475618
24	35	1.4285714285714287e-05	0.00024390753825018858
24	36	1.4285714285714287e-05	0.0002807474192366363
24	60	1.4285714285714287e-05	0.00026734247922012984
24	61	1.4285714285714287e-05	0.0002924663237149165
24	71	1.4285714285714287e-05	0.0002496040543006345
24	72	1.4285714285714287e-05	4.999999999999995e-05
25	13	1.4285714285714287e-05	0.0002402944825467812
25	14	1.4285714285714287e-05	0.0002857123970967013
25	15	1.4285714285714287e-05	0.0004595825002421532
25	16	1.4285714285714287e-05	0.00063653801567648
25	17	1.4285714285714287e-05	0.0007778306103540868
25	18	1.4285714285714287e-05	0.000867583956666101
25	19	1.4285714285714287e-05	0.0008981162995885884
25	20	1.4285714285714287e-05	0.0008671899124780898
25	21	1.4285714285714287e-05	0.0007771404491455573
25	22	1.4285714285714287e-05	0.0006343130528104143
25	23	1.4285714285714287e-05	0.0004484841921995221
25	24	1.4285714285714287e-05	0.00023219675058844144
25	26	1.4285714285714287e-05	0.0002323935488049973
25	27	1.4285714285714287e-05	0.0004490146465047329
25	28	1.4285714285714287e-05	0.0006345839269108815
25	29	1.4285714285714287e-05	0.0007754741373177061
25	30	1.4285714285714287e-05	0.0008606647933702171
25	31	1.4285714285714287e-05	0.0008826739369523428
25	32	1.4285714285714287e-05	0.0008384809833041372
25	33	1.4285714285714287e-05	0.0007305678723997163
25	34	1.4285714285714287e-05	0.0005687297572364524
25	35	1.4285714285714287e-05	0.0003765763366948542
25	36	1.4285714285714287e-05	0.0002317981043720026
25	37	1.4285714285714287e-05	0.0003081204506158333
25	61	1.4285714285714287e-05	0.0002581804673359429
25	62	1.4285714285714287e-05	0.0003052896145097182
25	72	1.4285714285714287e-05	0.0002498117757740167
25	73	1.4285714285714287e-05	5.0000000000000057e-05
26	14	1.4285714285714287e-05	0.00023499337749622793
26	15	1.4285714285714287e-05	0.00029559458515892803
26	16	1.4285714285714287e-05	0.0004704690067409806
26	17	1.4285714285714287e-05	0.0006448096980240064
26	18	1.4285714285714287e-05	0.000783276335274096
26	19	1.4285714285714287e-05	0.0008707630936559331
26	20	1.4285714285714287e-05	0.0008997659234791118
26	21	1.4285714285714287e-05	0.0008679837806749779
26	22	1.4285714285714287e-05	0.0007775696987428718
26	23	1.4285714285714287e-05	0.0006346448587092805
26	24	1.4285714285714287e-05	0.0004487826837503955
26	25	1.4285714285714287e-05	0.0002323935488049973
26	27	1.4285714285714287e-05	0.0002325880312843774
26	28	1.4285714285714287e-05	0.00044918052517954377
26	29	1.4285714285714287e-05	0.0006341757254605259
26	30	1.4285714285714287e-05	0.0007735662700077286
26	31	1.4285714285714287e-05	0.000855960875273875
26	32	1.4285714285714287e-05	0.0008736081283543181
26	33	1.4285714285714287e-05	0.0008234442232542476
26	34	1.4285714285714287e-05	0.0007083301910356986
26	35	1.4285714285714287e-05	0.0005393500615366725
26	36	1.4285714285714287e-05	0.0003448027324458432
26	37	1.4285714285714287e-05	0.00022608060219963107
26	62	1.4285714285714287e-05	0.0002527007177298973
26	63	1.4285714285714287e-05	0.0003155703104878861
26	73	1.4285714285714287e-05	0.0002500150251622237
26	74	1.4285714285714287e-05	4.999999999999991e-05
27	15	1.4285714285714287e-05	0.00023206777198772415
27	16	1.4285714285714287e-05	0.00030245318661003043
27	17	1.4285714285714287e-05	0.0004771283776014118
27	18	1.4285714285714287e-05	0.0006492074669086034
27	19	1.4285714285714287e-05	0.0007855626833256576
27	20	1.4285714285714287e-05	0.0008715680766988911
27	21	1.4285714285714287e-05	0.0008997749973510353
27	22	1.4285714285714287e-05	0.0008677542962455539
27	23	1.4285714285714287e-05	0.0007774447494165254
27	24	1.4285714285714287e-05	0.0006347367757507671
27	25	1.4285714285714287e-05	0.0004490146465047329
27	26	1.4285714285714287e-05	0.0002325880312843774
27	28	1.4285714285714287e-05	0.00023278222630879485
27	29	1.4285714285714287e-05	0.0004492792300648754
27	30	1.4285714285714287e-05	0.0006334951209714884
27	31	1.4285714285714287e-05	0.0007709758642784121
27	32	1.4285714285714287e-05	0.0008499100878726773
27	33	1.4285714285714287e-05	0.0008622627240087301
27	34	1.4285714285714287e-05	0.000804976287460381
27	35	1.4285714285714287e-05	0.0006814652371795503
27	36	1.4285714285714287e-05	0.0005046312458141403
27	37	1.4285714285714287e-05	0.0003100150118474108
27	38	1.4285714285714287e-05	0.00023161258963899975
27	63	1.4285714285714287e-05	0.0002496785729144714
27	64	1.4285714285714287e-05	0.00032271062044046325
27	74	1.4285714285714287e-05	0.0002502158896649553
27	75	1.4285714285714287e-05	5.000000000000001e-05
28	16	1.4285714285714287e-05	0.0002306042813991854
28	17	1.4285714285714287e-05	0.0003059737808664988
28	18	1.4285714285714287e-05	0.00047957812515442137
28	19	1.4285714285714287e-05	0.0006497757064779557
28	20	1.4285714285714287e-05	0.0007847142928022323
28	21	1.4285714285714287e-05	0.0008700014432537361
28	22	1.4285714285714287e-05	0.0008981324047296685
28	23	1.4285714285714287e-05	0.0008664865869591592
28	24	1.4285714285714287e-05	0.0007767542355724135
28	25	1.4285714285714287e-05	0.0006345839269108815
28	26	1.4285714285714287e-05	0.00044918052517954377
28	27	1.4285714285714287e-05	0.00023278222630879485
28	29	1.4285714285714287e-05	0.0002329782431236175
28	30	1.4285714285714287e-05	0.0004493079751536485
28	31	1.4285714285714287e-05	0.0006325173999372476
28	32	1.4285714285714287e-05	0.0007676279493823147
28	33	1.4285714285714287e-05	0.0008423495162116789
28	34	1.4285714285714287e-05	0.0008483474818662163
28	35	1.4285714285714287e-05	0.0007826374071949273
28	36	1.4285714285714287e-05	0.000649428915691254
28	37	1.4285714285714287e-05	0.0004642523397853033
28	38	1.4285714285714287e-05	0.0002744503953014765
28	39	1.4285714285714287e-05	0.00025259420193067425
28	64	1.4285714285714287e-05	0.0002481673597474868
28	65	1.4285714285714287e-05	0.00032637734564924185
28	75	1.4285714285714287e-05	0.000250416463971696
28	76	1.4285714285714287e-05	4.999999999999988e-05
29	17	1.4285714285714287e-05	0.00023003289259312972
29	18	1.4285714285714287e-05	0.00030600675977076583
29	19	1.4285714285714287e-05	0.00047781614338001163
29	20	1.4285714285714287e-05	0.0006465080607012916
29	21	1.4285714285714287e-05	0.0007807041286814125
29	22	1.4285714285714287e-05	0.0008660220354044855
29	23	1.4285714285714287e-05	0.000894794145223458
29	24	1.4285714285714287e-05	0.0008641437682767798
29	25	1.4285714285714287e-05	0.0007754741373177061
29	26	1.4285714285714287e-05	0.0006341757254605259
29	27	1.4285714285714287e-05	0.0004492792300648754
29	28	1.4285714285714287e-05	0.0002329782431236175
29	30	1.4285714285714287e-05	0.00023317835523641546
29	31	1.4285714285714287e-05	0.00044926199447551806
29	32	1.4285714285714287e-05	0.0006312083869314233
29	33	1.4285714285714287e-05	0.0007634220805756261
29	34	1.4285714285714287e-05	0.0008330639676841577
29	35	1.4285714285714287e-05	0.000831483321975779
29	36	1.4285714285714287e-05	0.0007558628946575392
29	37	1.4285714285714287e-05	0.0006115586425788919
29	38	1.4285714285714287e-05	0.00041806276970467844
29	39	1.4285714285714287e-05	0.0002430074632269681
29	40	1.4285714285714287e-05	0.00029070218025625263
29	65	1.4285714285714287e-05	0.00024757744394378084
29	66	1.4285714285714287e-05	0.0003264116981587708
29	76	1.4285714285714287e-05	0.0002506189266794584
29	77	1.4285714285714287e-05	5.0000000000000057e-05
30	18	1.4285714285714287e-05	0.0002301594068752023
30	19	1.4285714285714287e-05	0.00030252796000468905
30	20	1.4285714285714287e-05	0.0004718165038820913
30	21	1.4285714285714287e-05	0.0006393466810253064
30	22	1.4285714285714287e-05	0.0007734521792425635
30	23	1.4285714285714287e-05	0.0008595429141351758
30	24	1.4285714285714287e-05	0.0008896809380594975
30	25	1.4285714285714287e-05	0.0008606647933702171
30	26	1.4285714285714287e-05	0.0007735662700077286
30	27	1.4285714285714287e-05	0.0006334951209714884
30	28	1.4285714285714287e-05	0.0004493079751536485
30	29	1.4285714285714287e-05	0.00023317835523641546
30	31	1.4285714285714287e-05	0.0002333851004872471
30	32	1.4285714285714287e-05	0.000449134094145553
30	33	1.4285714285714287e-05	0.0006295217982100579
30	34	1.4285714285714287e-05	0.0007582246808124678
30	35	1.4285714285714287e-05	0.0008217696859770576
30	36	1.4285714285714287e-05	0.0008111747241840475
30	37	1.4285714285714287e-05	0.0007239285294323902
30	38	1.4285714285714287e-05	0.0005670716446302544
30	39	1.4285714285714287e-05	0.00036644352573414886
30	40	1.4285714285714287e-05	0.00022513477468833918
30	66	1.4285714285714287e-05	0.00024770805525220144
30	67	1.4285714285714287e-05	0.0003227884869635546
30	77	1.4285714285714287e-05	0.0002508256263506138
30	78	1.4285714285714287e-05	5.000000000000017e-05
31	19	1.4285714285714287e-05	0.00023117667010534725
31	20	1.4285714285714287e-05	0.0002956370286511586
31	21	1.4285714285714287e-05	0.00046153080820021143
31	22	1.4285714285714287e-05	0.0006281809308307224
31	23	1.4285714285714287e-05	0.0007628222138458656
31	24	1.4285714285714287e-05	0.0008504271287826315
31	25	1.4285714285714287e-05	0.0008826739369523428
31	26	1.4285714285714287e-05	0.000855960875273875
31	27	1.4285714285714287e-05	0.0007709758642784121
31	28	1.4285714285714287e-05	0.0006325173999372476
31	29	1.4285714285714287e-05	0.00044926199447551806
31	30	1.4285714285714287e-05	0.0002333851004872471
31	32	1.4285714285714287e-05	0.00023360140807765432
31	33	1.4285714285714287e-05	0.00044891396963118703
31	34	1.4285714285714287e-05	0.0006273953479544753
31	35	1.4285714285714287e-05	0.0007518578235273824
31	36	1.4285714285714287e-05	0.0008080905719740804
31	37	1.4285714285714287e-05	0.0007867700031609273
31	38	1.4285714285714287e-05	0.0006859049209760092
31	39	1.4285714285714287e-05	0.0005151013977762015
31	40	1.4285714285714287e-05	0.00031127239554543795
31	41	1.4285714285714287e-05	0.00023376836126894627
31	67	1.4285714285714287e-05	0.00024875836736568406
31	68	1.4285714285714287e-05	0.0003156144847923841
31	78	1.4285714285714287e-05	0.0002510391849214921
31	79	1.4285714285714287e-05	4.999999999999997e-05
32	20	1.4285714285714287e-05	0.00023366519680363424
32	21	1.4285714285714287e-05	0.00028559386449424995
32	22	1.4285714285714287e-05	0.0004468960092676311
32	23	1.4285714285714287e-05	0.0006128457665766873
32	24	1.4285714285714287e-05	0.0007486164423752557
32	25	1.4285714285714287e-05	0.0008384809833041372
32	26	1.4285714285714287e-05	0.0008736081283543181
32	27	1.4285714285714287e-05	0.0008499100878726773
32	28	1.4285714285714287e-05	0.0007676279493823147
32	29	1.4285714285714287e-05	0.0006312083869314233
32	30	1.4285714285714287e-05	0.000449134094145553
32	31	1.4285714285714287e-05	0.00023360140807765432
32	33	1.4285714285714287e-05	0.0002338307673696989
32	34	1.4285714285714287e-05	0.00044858717153835207
32	35	1.4285714285714287e-05	0.0006247449521351577
32	36	1.4285714285714287e-05	0.0007440825280189648
32	37	1.4285714285714287e-05	0.0007915228184101491
32	38	1.4285714285714287e-05	0.0007574033364940188
32	39	1.4285714285714287e-05	0.0006406005642506037
32	40	1.4285714285714287e-05	0.00045485508091805947
32	41	1.4285714285714287e-05	0.00025857237575306586
32	42	1.4285714285714287e-05	0.00027636240511931515
32	68	1.4285714285714287e-05	0.0002513285238206516
32	69	1.4285714285714287e-05	0.0003051663579768326
32	79	1.4285714285714287e-05	0.00025126262899352234
32	80	1.4285714285714287e-05	5.000000000000013e-05
33	21	1.4285714285714287e-05	0.00023857219537173614
33	22	1.4285714285714287e-05	0.0002729046940041535
33	23	1.4285714285714287e-05	0.00042785244493857394
33	24	1.4285714285714287e-05	0.0005931205173978641
33	25	1.4285714285714287e-05	0.0007305678723997163
33	26	1.4285714285714287e-05	0.0008234442232542476
33	27	1.4285714285714287e-05	0.0008622627240087301
33	28	1.4285714285714287e-05	0.0008423495162116789
33	29	1.4285714285714287e-05	0.0007634220805756261
33	30	1.4285714285714287e-05	0.0006295217982100579
33	31	1.4285714285714287e-05	0.00044891396963118703
33	32	1.4285714285714287e-05	0.0002338307673696989
33	34	1.4285714285714287e-05	0.0002340774610297803
33	35	1.4285714285714287e-05	0.0004481335234460639
33	36	1.4285714285714287e-05	0.0006214559283543852
33	37	1.4285714285714287e-05	0.0007345733020731129
33	38	1.4285714285714287e-05	0.0007713810462029679
33	39	1.4285714285714287e-05	0.0007219089264552866
33	40	1.4285714285714287e-05	0.00058650239162159
33	41	1.4285714285714287e-05	0.0003861659940338157
33	42	1.4285714285714287e-05	0.0002245922131084642
33	69	1.4285714285714287e-05	0.0002563996281945861
33	70	1.4285714285714287e-05	0.0002919797786177449
33	80	1.4285714285714287e-05	0.0002514995643219161
33	81	1.4285714285714287e-05	5.000000000000011e-05
34	22	1.4285714285714287e-05	0.0002471404196718896
34	23	1.4285714285714287e-05	0.00025848178263148525
34	24	1.4285714285714287e-05	0.0004043807408475618
34	25	1.4285714285714287e-05	0.0005687297572364524
34	26	1.4285714285714287e-05	0.0007083301910356986
34	27	1.4285714285714287e-05	0.000804976287460381
34	28	1.4285714285714287e-05	0.0008483474818662163
34	29	1.4285714285714287e-05	0.0008330639676841577
34	30	1.4285714285714287e-05	0.0007582246808124678
34	31	1.4285714285714287e-05	0.0006273953479544753
34	32	1.4285714285714287e-05	0.00044858717153835207
34	33	1.4285714285714287e-05	0.0002340774610297803
34	35	1.4285714285714287e-05	0.00023434689829218607
34	36	1.4285714285714287e-05	0.00044752465153173235
34	37	1.4285714285714287e-05	0.0006173692754182558
34	38	1.4285714285714287e-05	0.0007228781985209822
34	39	1.4285714285714287e-05	0.0007467138666828552
34	40	1.4285714285714287e-05	0.0006786925757502536
34	41	1.4285714285714287e-05	0.0005217599435169613
34	42	1.4285714285714287e-05	0.00031145646650088956
34	43	1.4285714285714287e-05	0.00023760837613099174
34	70	1.4285714285714287e-05	0.00026526378283511944
34	71	1.4285714285714287e-05	0.00027701350138044893
34	81	1.4285714285714287e-05	0.0002517544168478223
34	82	1.4285714285714287e-05	5.0000000000000016e-05
35	23	1.4285714285714287e-05	0.00026075955750612314
35	24	1.4285714285714287e-05	0.00024390753825018858
35	25	1.4285714285714287e-05	0.0003765763366948542
35	26	1.4285714285714287e-05	0.0005393500615366725
35	27	1.4285714285714287e-05	0.0006814652371795503
35	28	1.4285714285714287e-05	0.0007826374071949273
35	29	1.4285714285714287e-05	0.000831483321975779
35	30	1.4285714285714287e-05	0.0008217696859770576
35	31	1.4285714285714287e-05	0.0007518578235273824
35	32	1.4285714285714287e-05	0.0006247449521351577
35	33	1.4285714285714287e-05	0.0004481335234460639
35	34	1.4285714285714287e-05	0.00023434689829218607
35	36	1.4285714285714287e-05	0.000234646107114738
35	37	1.4285714285714287e-05	0.00044672001456976017
35	38	1.4285714285714287e-05	0.0006122595605493271
35	39	1.4285714285714287e-05	0.0007083538740412417
35	40	1.4285714285714287e-05	0.0007161669548581506
35	41	1.4285714285714287e-05	0.0006255408007442204
35	42	1.4285714285714287e-05	0.00044441737959410963
35	43	1.4285714285714287e-05	0.00024306560847738444
35	44	1.4285714285714287e-05	0.0003096381985033731
35	71	1.4285714285714287e-05	0.0002793753883035613
35	72	1.4285714285714287e-05	0.00026191789895832116
35	82	1.4285714285714287e-05	0.0002520327772756909
35	83	1.4285714285714287e-05	5.0000000000000036e-05
36	24	1.4285714285714287e-05	0.0002807474192366363
36	25	1.4285714285714287e-05	0.0002317981043720026
36	26	1.4285714285714287e-05	0.0003448027324458432
36	27	1.4285714285714287e-05	0.0005046312458141403
36	28	1.4285714285714287e-05	0.000649428915691254
36	29	1.4285714285714287e-05	0.0007558628946575392
36	30	1.4285714285714287e-05	0.0008111747241840475
36	31	1.4285714285714287e-05	0.0008080905719740804
36	32	1.4285714285714287e-05	0.0007440825280189648
36	33	1.4285714285714287e-05	0.0006214559283543852
36	34	1.4285714285714287e-05	0.00044752465153173235
36	35	1.4285714285714287e-05	0.000234646107114738
36	37	1.4285714285714287e-05	0.0002349844853615449
36	38	1.4285714285714287e-05	0.0004456602850192533
36	39	1.4285714285714287e-05	0.0006057978085446562
36	40	1.4285714285714287e-05	0.0006900553594492039
36	41	1.4285714285714287e-05	0.0006777522350346665
36	42	1.4285714285714287e-05	0.0005593562515421712
36	43	1.4285714285714287e-05	0.0003538652826748571
36	44	1.4285714285714287e-05	0.0002227101163643256
36	72	1.4285714285714287e-05	0.0003001279605028339
36	73	1.4285714285714287e-05	0.00024940008284426535
36	83	1.4285714285714287e-05	0.0002523419099909688
36	84	1.4285714285714287e-05	4.999999999999994e-05
37	25	1.4285714285714287e-05	0.0003081204506158333
37	26	1.4285714285714287e-05	0.00022608060219963107
37	27	1.4285714285714287e-05	0.0003100150118474108
37	28	1.4285714285714287e-05	0.0004642523397853033
37	29	1.4285714285714287e-05	0.0006115586425788919
37	30	1.4285714285714287e-05	0.0007239285294323902
37	31	1.4285714285714287e-05	0.0007867700031609273
37	32	1.4285714285714287e-05	0.0007915228184101491
37	33	1.4285714285714287e-05	0.0007345733020731129
37	34	1.4285714285714287e-05	0.0006173692754182558
37	35	1.4285714285714287e-05	0.00044672001456976017
37	36	1.4285714285714287e-05	0.0002349844853615449
37	38	1.4285714285714287e-05	0.00023537498841036782
37	39	1.4285714285714287e-05	0.0004442558007024153
37	40	1.4285714285714287e-05	0.000597486067126512
37	41	1.4285714285714287e-05	0.000666538879235011
37	42	1.4285714285714287e-05	0.0006284421886543802
37	43	1.4285714285714287e-05	0.0004759233160603012
37	44	1.4285714285714287e-05	0.000258993979889256
37	45	1.4285714285714287e-05	0.0002996982990191842
37	73	1.4285714285714287e-05	0.0003286136064128678
37	74	1.4285714285714287e-05	0.00024349866230740904
37	75	1.4285714285714287e-05	0.0003305875368537899
37	84	1.4285714285714287e-05	0.000252691529912637
37	85	1.4285714285714287e-05	5.0000000000000246e-05
38	27	1.4285714285714287e-05	0.00023161258963899975
38	28	1.4285714285714287e-05	0.0002744503953014765
38	29	1.4285714285714287e-05	0.00041806276970467844
38	30	1.4285714285714287e-05	0.0005670716446302544
38	31	1.4285714285714287e-05	0.0006859049209760092
38	32	1.4285714285714287e-05	0.0007574033364940188
38	33	1.4285714285714287e-05	0.0007713810462029679
38	34	1.4285714285714287e-05	0.0007228781985209822
38	35	1.4285714285714287e-05	0.0006122595605493271
38	36	1.4285714285714287e-05	0.0004456602850192533
38	37	1.4285714285714287e-05	0.00023537498841036782
38	39	1.4285714285714287e-05	0.00023583608129282212
38	40	1.4285714285714287e-05	0.00044236525608933345
38	41	1.4285714285714287e-05	0.0005865347757603247
38	42	1.4285714285714287e-05	0.0006354855090642497
38	43	1.4285714285714287e-05	0.0005634309843626959
38	44	1.4285714285714287e-05	0.00037072689978553746
38	45	1.4285714285714287e-05	0.00021866497710689258
38	75	1.4285714285714287e-05	0.0002492085063629422
38	76	1.4285714285714287e-05	0.00029358515607559176
38	85	1.4285714285714287e-05	0.0002530950308331301
38	86	1.4285714285714287e-05	4.9999999999999975e-05
39	28	1.4285714285714287e-05	0.00025259420193067425
39	29	1.4285714285714287e-05	0.0002430074632269681
39	30	1.4285714285714287e-05	0.00036644352573414886
39	31	1.4285714285714287e-05	0.0005151013977762015
39	32	1.4285714285714287e-05	0.0006406005642506037
39	33	1.4285714285714287e-05	0.0007219089264552866
39	34	1.4285714285714287e-05	0.0007467138666828552
39	35	1.4285714285714287e-05	0.0007083538740412417
39	36	1.4285714285714287e-05	0.0006057978085446562
39	37	1.4285714285714287e-05	0.0004442558007024153
39	38	1.4285714285714287e-05	0.00023583608129282212
39	40	1.4285714285714287e-05	0.00023639509204141738
39	41	1.4285714285714287e-05	0.000439753543707895
39	42	1.4285714285714287e-05	0.0005716145455099211
39	43	1.4285714285714287e-05	0.0005929218349710961
39	44	1.4285714285714287e-05	0.0004748195974350749
39	45	1.4285714285714287e-05	0.0002507302423462501
39	46	1.4285714285714287e-05	0.000336580910616634
39	76	1.4285714285714287e-05	0.0002709116929698148
39	77	1.4285714285714287e-05	0.0002609866475597005
39	86	1.4285714285714287e-05	0.00025357150479489915
39	87	1.4285714285714287e-05	4.999999999999994e-05
40	29	1.4285714285714287e-05	0.00029070218025625263
40	30	1.4285714285714287e-05	0.00022513477468833918
40	31	1.4285714285714287e-05	0.00031127239554543795
40	32	1.4285714285714287e-05	0.00045485508091805947
40	33	1.4285714285714287e-05	0.00058650239162159
40	34	1.4285714285714287e-05	0.0006786925757502536
40	35	1.4285714285714287e-05	0.0007161669548581506
40	36	1.4285714285714287e-05	0.0006900553594492039
40	37	1.4285714285714287e-05	0.000597486067126512
40	38	1.4285714285714287e-05	0.00044236525608933345
40	39	1.4285714285714287e-05	0.00023639509204141738
40	41	1.4285714285714287e-05	0.0002370942683041363
40	42	1.4285714285714287e-05	0.0004360005818867221
40	43	1.4285714285714287e-05	0.000550300585286128
40	44	1.4285714285714287e-05	0.0005314296874686678
40	45	1.4285714285714287e-05	0.00035052936518462763
40	46	1.4285714285714287e-05	0.00023816867469584425
40	77	1.4285714285714287e-05	0.0003104794815294898
40	78	1.4285714285714287e-05	0.0002425230041184392
40	79	1.4285714285714287e-05	0.0003318977490275442
40	87	1.4285714285714287e-05	0.00025414921151269083
40	88	1.4285714285714287e-05	5.0000000000000016e-05
41	31	1.4285714285714287e-05	0.00023376836126894627
41	32	1.4285714285714287e-05	0.00025857237575306586
41	33	1.4285714285714287e-05	0.0003861659940338157
41	34	1.4285714285714287e-05	0.0005217599435169613
41	35	1.4285714285714287e-05	0.0006255408007442204
41	36	1.4285714285714287e-05	0.0006777522350346665
41	37	1.4285714285714287e-05	0.000666538879235011
41	38	1.4285714285714287e-05	0.0005865347757603247
41	39	1.4285714285714287e-05	0.000439753543707895
41	40	1.4285714285714287e-05	0.0002370942683041363
41	42	1.4285714285714287e-05	0.0002380023453841305
41	43	1.4285714285714287e-05	0.000430279508293467
41	44	1.4285714285714287e-05	0.0005176452208007287
41	45	1.4285714285714287e-05	0.00043550514852419044
41	46	1.4285714285714287e-05	0.0002078489894264773
41	79	1.4285714285714287e-05	0.0002514350959555714
41	80	1.4285714285714287e-05	0.00027710742702782826
41	88	1.4285714285714287e-05	0.0002548718459293129
41	89	1.4285714285714287e-05	4.999999999999997e-05
42	32	1.4285714285714287e-05	0.00027636240511931515
42	33	1.4285714285714287e-05	0.0002245922131084642
42	34	1.4285714285714287e-05	0.00031145646650088956
42	35	1.4285714285714287e-05	0.00044441737959410963
42	36	1.4285714285714287e-05	0.0005593562515421712
42	37	1.4285714285714287e-05	0.0006284421886543802
42	38	1.4285714285714287e-05	0.0006354855090642497
42	39	1.4285714285714287e-05	0.0005716145455099211
42	40	1.4285714285714287e-05	0.0004360005818867221
42	41	1.4285714285714287e-05	0.0002380023453841305
42	43	1.4285714285714287e-05	0.00023923789776737327
42	44	1.4285714285714287e-05	0.0004207204908331094
42	45	1.4285714285714287e-05	0.000461678061988258
42	46	1.4285714285714287e-05	0.0002715420027107761
42	47	1.4285714285714287e-05	0.0002935476328740492
42	80	1.4285714285714287e-05	0.00029557134683586906
42	81	1.4285714285714287e-05	0.00024196340905406386
42	82	1.4285714285714287e-05	0.00033208956376458936
42	89	1.4285714285714287e-05	0.0002558105123553303
42	90	1.4285714285714287e-05	5.000000000000008e-05
43	34	1.4285714285714287e-05	0.00023760837613099174
43	35	1.4285714285714287e-05	0.00024306560847738444
43	36	1.4285714285714287e-05	0.0003538652826748571
43	37	1.4285714285714287e-05	0.0004759233160603012
43	38	1.4285714285714287e-05	0.0005634309843626959
43	39	1.4285714285714287e-05	0.0005929218349710961
43	40	1.4285714285714287e-05	0.000550300585286128
43	41	1.4285714285714287e-05	0.000430279508293467
43	42	1.4285714285714287e-05	0.00023923789776737327
43	44	1.4285714285714287e-05	0.00024101727505412116
43	45	1.4285714285714287e-05	0.0004020624040322771
43	46	1.4285714285714287e-05	0.0003435084132035827
43	47	1.4285714285714287e-05	0.0002625569846962103
43	82	1.4285714285714287e-05	0.0002554032550206021
43	83	1.4285714285714287e-05	0.0002610468030076878
43	90	1.4285714285714287e-05	0.000257087904828403
43	91	1.4285714285714287e-05	4.9999999999999684e-05
44	35	1.4285714285714287e-05	0.0003096381985033731
44	36	1.4285714285714287e-05	0.0002227101163643256
44	37	1.4285714285714287e-05	0.000258993979889256
44	38	1.4285714285714287e-05	0.00037072689978553746
44	39	1.4285714285714287e-05	0.0004748195974350749
44	40	1.4285714285714287e-05	0.0005314296874686678
44	41	1.4285714285714287e-05	0.0005176452208007287
44	42	1.4285714285714287e-05	0.0004207204908331094
44	43	1.4285714285714287e-05	0.00024101727505412116
44	45	1.4285714285714287e-05	0.00024372096133476638
44	46	1.4285714285714287e-05	0.0003518502243140407
44	47	1.4285714285714287e-05	0.0002273810186879601
44	83	1.4285714285714287e-05	0.0003301949154538445
44	84	1.4285714285714287e-05	0.00024002267469510146
44	85	1.4285714285714287e-05	0.00027754455421883035
44	91	1.4285714285714287e-05	0.00025892797555930006
44	92	1.4285714285714287e-05	5.0000000000000057e-05
45	37	1.4285714285714287e-05	0.0002996982990191842
45	38	1.4285714285714287e-05	0.00021866497710689258
45	39	1.4285714285714287e-05	0.0002507302423462501
45	40	1.4285714285714287e-05	0.00035052936518462763
45	41	1.4285714285714287e-05	0.00043550514852419044
45	42	1.4285714285714287e-05	0.000461678061988258
45	43	1.4285714285714287e-05	0.0004020624040322771
45	44	1.4285714285714287e-05	0.00024372096133476638
45	46	1.4285714285714287e-05	0.0002469312495884433
45	47	1.4285714285714287e-05	0.00018565582432658262
45	85	1.4285714285714287e-05	0.00031984209721359604
45	86	1.4285714285714287e-05	0.00023585393835346931
45	87	1.4285714285714287e-05	0.00026898090478902315
45	92	1.4285714285714287e-05	0.0002617248491449299
45	93	1.4285714285714287e-05	5.0000000000000057e-05
46	39	1.4285714285714287e-05	0.000336580910616634
46	40	1.4285714285714287e-05	0.00023816867469584425
46	41	1.4285714285714287e-05	0.0002078489894264773
46	42	1.4285714285714287e-05	0.0002715420027107761
46	43	1.4285714285714287e-05	0.0003435084132035827
46	44	1.4285714285714287e-05	0.0003518502243140407
46	45	1.4285714285714287e-05	0.0002469312495884433
46	47	1.4285714285714287e-05	0.0001312784923481052
46	87	1.4285714285714287e-05	0.0003582933456626515
46	88	1.4285714285714287e-05	0.00025598245948236153
46	89	1.4285714285714287e-05	0.00022472502309763164
46	90	1.4285714285714287e-05	0.00029056469777960725
46	93	1.4285714285714287e-05	0.0002650472536974619
46	94	1.4285714285714287e-05	5.000000000000001e-05
47	42	1.4285714285714287e-05	0.0002935476328740492
47	43	1.4285714285714287e-05	0.0002625569846962103
47	44	1.4285714285714287e-05	0.0002273810186879601
47	45	1.4285714285714287e-05	0.00018565582432658262
47	46	1.4285714285714287e-05	0.0001312784923481052
47	90	1.4285714285714287e-05	0.00031344007537496523
47	91	1.4285714285714287e-05	0.00028123965702022004
47	92	1.4285714285714287e-05	0.00024484037353067055
47	93	1.4285714285714287e-05	0.00020198483195632644
47	94	1.4285714285714287e-05	0.00014713577461043515
47	95	1.4285714285714287e-05	5e-05
48	0	1.4285714285714287e-05	5e-05
48	1	1.4285714285714287e-05	0.00014713577461043513
48	2	1.4285714285714287e-05	0.0002019848319563268
48	3	1.4285714285714287e-05	0.00024484037353067055
48	4	1.4285714285714287e-05	0.00028123965702022004
48	5	1.4285714285714287e-05	0.0003134400753749652
48	6	1.4285714285714287e-05	0.0003426275193577955
48	49	1.4285714285714287e-05	0.00014586499149789466
48	50	1.4285714285714287e-05	0.00020628424925175868
48	51	1.4285714285714287e-05	0.0002526455763199558
48	52	1.4285714285714287e-05	0.00029172998299578905
48	53	1.4285714285714287e-05	0.000326164036526721
48	54	1.4285714285714287e-05	0.0003572948005052482
49	1	1.4285714285714287e-05	5.000000000000007e-05
49	2	1.4285714285714287e-05	0.0002089118187833131
49	6	1.4285714285714287e-05	0.0003395533504990633
49	7	1.4285714285714287e-05	0.00027647011917355114
49	8	1.4285714285714287e-05	0.00026604776798499016
49	9	1.4285714285714287e-05	0.00032941078658451414
49	48	1.4285714285714287e-05	0.00014586499149789466
49	50	1.4285714285714287e-05	0.00021381234770328613
49	54	1.4285714285714287e-05	0.0003540189540361109
49	55	1.4285714285714287e-05	0.0002866196217130478
49	56	1.4285714285714287e-05	0.00027544189717977656
49	57	1.4285714285714287e-05	0.00034320623265227096
50	2	1.4285714285714287e-05	5.000000000000002e-05
50	3	1.4285714285714287e-05	0.00022395488252044117
50	9	1.4285714285714287e-05	0.0002818213732775928
50	10	1.4285714285714287e-05	0.0002597423761330438
50	11	1.4285714285714287e-05	0.0003348773606268212
50	48	1.4285714285714287e-05	0.00020628424925175868
50	49	1.4285714285714287e-05	0.00021381234770328613
50	51	1.4285714285714287e-05	0.00023011057584644575
50	57	1.4285714285714287e-05	0.000292353071238012
50	58	1.4285714285714287e-05	0.0002686718402298393
50	59	1.4285714285714287e-05	0.0003490349340369911
51	3	1.4285714285714287e-05	4.9999999999999996e-05
51	4	1.4285714285714287e-05	0.0002312321027345479
51	11	1.4285714285714287e-05	0.0002686726890976191
51	12	1.4285714285714287e-05	0.00026863083380593284
51	48	1.4285714285714287e-05	0.0002526455763199558
51	50	1.4285714285714287e-05	0.00023011057584644575
51	52	1.4285714285714287e-05	0.00023797358708488027
51	59	1.4285714285714287e-05	0.0002782585006527122
51	60	1.4285714285714287e-05	0.00027821359674272395
52	4	1.4285714285714287e-05	5.000000000000014e-05
52	5	1.4285714285714287e-05	0.00023554576777377214
52	12	1.4285714285714287e-05	0.00032787933545018076
52	13	1.4285714285714287e-05	0.0002523874355445865
52	14	1.4285714285714287e-05	0.00030185937435269486
52	48	1.4285714285714287e-05	0.00029172998299578905
52	51	1.4285714285714287e-05	0.00023797358708488027
52	53	1.4285714285714287e-05	0.00024262867998499677
52	60	1.4285714285714287e-05	0.0003415729279788696
52	61	1.4285714285714287e-05	0.00026076685547049463
52	62	1.4285714285714287e-05	0.00031379236214166336
53	5	1.4285714285714287e-05	5.000000000000009e-05
53	6	1.4285714285714287e-05	0.00023840718117519645
53	14	1.4285714285714287e-05	0.000280351733662071
53	15	1.4285714285714287e-05	0.0002602893477083492
53	48	1.4285714285714287e-05	0.000326164036526721
53	52	1.4285714285714287e-05	0.00024262867998499677
53	54	1.4285714285714287e-05	0.0002457143419047206
53	62	1.4285714285714287e-05	0.0002907788288322105
53	63	1.4285714285714287e-05	0.00026925936387397917
54	64	1.4285714285714287e-05	0.0002580412997909685
54	65	1.4285714285714287e-05	0.00032642615701108837
54	6	1.4285714285714287e-05	5.000000000000009e-05
54	7	1.4285714285714287e-05	0.00024044825061791828
54	15	1.4285714285714287e-05	0.00032955004396300854
54	16	1.4285714285714287e-05	0.00024985351940293176
54	17	1.4285714285714287e-05	0.0003136855629175894
54	48	1.4285714285714287e-05	0.0003572948005052482
54	49	1.4285714285714287e-05	0.0003540189540361109
54	53	1.4285714285714287e-05	0.0002457143419047206
54	55	1.4285714285714287e-05	0.00024791432486337623
54	63	1.4285714285714287e-05	0.0003433547428211833
55	65	1.4285714285714287e-05	0.00027431323548609605
55	66	1.4285714285714287e-05	0.0002860419577535365
55	7	1.4285714285714287e-05	4.9999999999999847e-05
55	8	1.4285714285714287e-05	0.00024198062043273246
55	17	1.4285714285714287e-05	0.000264996181192419
55	18	1.4285714285714287e-05	0.0002759311534349254
55	49	1.4285714285714287e-05	0.0002866196217130478
55	54	1.4285714285714287e-05	0.00024791432486337623
55	56	1.4285714285714287e-05	0.00024956544602570914
56	66	1.4285714285714287e-05	0.0003059937113309509
56	67	1.4285714285714287e-05	0.000263020095220334
56	8	1.4285714285714287e-05	5.0000000000000084e-05
56	9	1.4285714285714287e-05	0.00024317593736213115
56	49	1.4285714285714287e-05	0.00027544189717977656
56	18	1.4285714285714287e-05	0.0002945656738940919
56	19	1.4285714285714287e-05	0.0002544830317344208
56	55	1.4285714285714287e-05	0.00024956544602570914
56	57	1.4285714285714287e-05	0.00025085307012483773
57	67	1.4285714285714287e-05	0.00034327725635805107
57	68	1.4285714285714287e-05	0.0002560080998214094
57	69	1.4285714285714287e-05	0.0003435979421743426
57	9	1.4285714285714287e-05	4.999999999999989e-05
57	10	1.4285714285714287e-05	0.00024413659803369122
57	49	1.4285714285714287e-05	0.00034320623265227096
57	50	1.4285714285714287e-05	0.000292353071238012
57	19	1.4285714285714287e-05	0.00032947738505008205
57	20	1.4285714285714287e-05	0.0002479639741106595
57	21	1.4285714285714287e-05	0.0003297780939962487
57	56	1.4285714285714287e-05	0.00025085307012483773
57	58	1.4285714285714287e-05	0.00025188771418026734
58	69	1.4285714285714287e-05	0.00026102057633222174
58	70	1.4285714285714287e-05	0.0003139796399506983
58	10	1.4285714285714287e-05	4.99999999999997e-05
58	11	1.4285714285714287e-05	0.00024492751269813366
58	50	1.4285714285714287e-05	0.0002686718402298393
58	21	1.4285714285714287e-05	0.0002526233701420449
58	22	1.4285714285714287e-05	0.0003020345888689127
58	57	1.4285714285714287e-05	0.00025188771418026734
58	59	1.4285714285714287e-05	0.0002527394057049769
59	70	1.4285714285714287e-05	0.00027319034945296714
59	71	1.4285714285714287e-05	0.00029205057442316325
59	11	1.4285714285714287e-05	4.999999999999997e-05
59	12	1.4285714285714287e-05	0.0002455918505935029
59	50	1.4285714285714287e-05	0.0003490349340369911
59	51	1.4285714285714287e-05	0.0002782585006527122
59	22	1.4285714285714287e-05	0.00026395012849174913
59	23	1.4285714285714287e-05	0.00028153895684045156
59	58	1.4285714285714287e-05	0.0002527394057049769
59	60	1.4285714285714287e-05	0.0002534547013613224
60	71	1.4285714285714287e-05	0.00028838999025715455
60	72	1.4285714285714287e-05	0.0002768312787312187
60	12	1.4285714285714287e-05	5.000000000000002e-05
60	13	1.4285714285714287e-05	0.0002461594646828342
60	51	1.4285714285714287e-05	0.00027821359674272395
60	52	1.4285714285714287e-05	0.0003415729279788696
60	23	1.4285714285714287e-05	0.0002781221095714427
60	24	1.4285714285714287e-05	0.00026734247922012984
60	59	1.4285714285714287e-05	0.0002534547013613224
60	61	1.4285714285714287e-05	0.0002540657877465325
61	72	1.4285714285714287e-05	0.00030374797760153124
61	73	1.4285714285714287e-05	0.00026699386949642363
61	13	1.4285714285714287e-05	4.999999999999997e-05
61	14	1.4285714285714287e-05	0.0002466516829290177
61	52	1.4285714285714287e-05	0.00026076685547049463
61	24	1.4285714285714287e-05	0.0002924663237149165
61	25	1.4285714285714287e-05	0.0002581804673359429
61	60	1.4285714285714287e-05	0.0002540657877465325
61	62	1.4285714285714287e-05	0.00025459565478468143
62	73	1.4285714285714287e-05	0.00031745821899633475
62	74	1.4285714285714287e-05	0.00026110375277358657
62	14	1.4285714285714287e-05	5.000000000000001e-05
62	15	1.4285714285714287e-05	0.00024708417285727657
62	52	1.4285714285714287e-05	0.00031379236214166336
62	53	1.4285714285714287e-05	0.0002907788288322105
62	25	1.4285714285714287e-05	0.0003052896145097182
62	26	1.4285714285714287e-05	0.0002527007177298973
62	61	1.4285714285714287e-05	0.00025459565478468143
62	63	1.4285714285714287e-05	0.0002550611875970256
63	64	1.4285714285714287e-05	0.00025547509351569515
63	74	1.4285714285714287e-05	0.00032843842795436445
63	75	1.4285714285714287e-05	0.00025785307998636
63	15	1.4285714285714287e-05	4.999999999999989e-05
63	16	1.4285714285714287e-05	0.0002474687274509002
63	53	1.4285714285714287e-05	0.00026925936387397917
63	54	1.4285714285714287e-05	0.0003433547428211833
63	26	1.4285714285714287e-05	0.0003155703104878861
63	27	1.4285714285714287e-05	0.0002496785729144714
63	62	1.4285714285714287e-05	0.0002550611875970256
64	65	1.4285714285714287e-05	0.0002558471469337281
64	75	1.4285714285714287e-05	0.000336059096233367
64	76	1.4285714285714287e-05	0.0002562269793324284
64	16	1.4285714285714287e-05	5.000000000000012e-05
64	17	1.4285714285714287e-05	0.00024781441914205836
64	54	1.4285714285714287e-05	0.0002580412997909685
64	27	1.4285714285714287e-05	0.00032271062044046325
64	28	1.4285714285714287e-05	0.0002481673597474868
64	63	1.4285714285714287e-05	0.00025547509351569515
65	64	1.4285714285714287e-05	0.0002558471469337281
65	66	1.4285714285714287e-05	0.0002561850190244735
65	76	1.4285714285714287e-05	0.00033997086762944316
65	77	1.4285714285714287e-05	0.0002555921028812554
65	17	1.4285714285714287e-05	4.999999999999993e-05
65	18	1.4285714285714287e-05	0.0002481283691465222
65	54	1.4285714285714287e-05	0.00032642615701108837
65	55	1.4285714285714287e-05	0.00027431323548609605
65	28	1.4285714285714287e-05	0.00032637734564924185
65	29	1.4285714285714287e-05	0.00024757744394378084
66	65	1.4285714285714287e-05	0.0002561850190244735
66	67	1.4285714285714287e-05	0.00025649484644167723
66	77	1.4285714285714287e-05	0.00034000751085640663
66	78	1.4285714285714287e-05	0.0002557326743057805
66	18	1.4285714285714287e-05	4.9999999999999874e-05
66	19	1.4285714285714287e-05	0.0002484162748815496
66	55	1.4285714285714287e-05	0.0002860419577535365
66	56	1.4285714285714287e-05	0.0003059937113309509
66	29	1.4285714285714287e-05	0.0003264116981587708
66	30	1.4285714285714287e-05	0.00024770805525220144
67	66	1.4285714285714287e-05	0.00025649484644167723
67	68	1.4285714285714287e-05	0.00025678163128949966
67	78	1.4285714285714287e-05	0.000336142177782988
67	79	1.4285714285714287e-05	0.000256862966783719
67	19	1.4285714285714287e-05	5.000000000000004e-05
67	20	1.4285714285714287e-05	0.0002486827809699075
67	56	1.4285714285714287e-05	0.000263020095220334
67	57	1.4285714285714287e-05	0.00034327725635805107
67	30	1.4285714285714287e-05	0.0003227884869635546
67	31	1.4285714285714287e-05	0.00024875836736568406
68	32	1.4285714285714287e-05	0.0002513285238206516
68	67	1.4285714285714287e-05	0.00025678163128949966
68	69	1.4285714285714287e-05	0.0002570495294853126
68	79	1.4285714285714287e-05	0.0003284855873901759
68	80	1.4285714285714287e-05	0.00025962799644848206
68	20	1.4285714285714287e-05	4.999999999999981e-05
68	21	1.4285714285714287e-05	0.00024893174676557145
68	57	1.4285714285714287e-05	0.0002560080998214094
68	31	1.4285714285714287e-05	0.0003156144847923841
69	32	1.4285714285714287e-05	0.0003051663579768326
69	33	1.4285714285714287e-05	0.0002563996281945861
69	68	1.4285714285714287e-05	0.0002570495294853126
69	70	1.4285714285714287e-05	0.0002573020639690207
69	80	1.4285714285714287e-05	0.0003173265161047217
69	81	1.4285714285714287e-05	0.00026508021707970686
69	21	1.4285714285714287e-05	5e-05
69	22	1.4285714285714287e-05	0.00024916644419031674
69	57	1.4285714285714287e-05	0.0003435979421743426
69	58	1.4285714285714287e-05	0.00026102057633222174
70	33	1.4285714285714287e-05	0.0002919797786177449
70	34	1.4285714285714287e-05	0.00026526378283511944
70	69	1.4285714285714287e-05	0.0002573020639690207
70	71	1.4285714285714287e-05	0.0002575422867290837
70	81	1.4285714285714287e-05	0.00030322743778239274
70	82	1.4285714285714287e-05	0.0002746004663020996
70	22	1.4285714285714287e-05	4.999999999999994e-05
70	23	1.4285714285714287e-05	0.0002493897081041657
70	58	1.4285714285714287e-05	0.0003139796399506983
70	59	1.4285714285714287e-05	0.00027319034945296714
71	34	1.4285714285714287e-05	0.00027701350138044893
71	35	1.4285714285714287e-05	0.0002793753883035613
71	70	1.4285714285714287e-05	0.0002575422867290837
71	72	1.4285714285714287e-05	0.0002577729059189592
71	82	1.4285714285714287e-05	0.0002872019807016503
71	83	1.4285714285714287e-05	0.00028973284167346997
71	23	1.4285714285714287e-05	4.9999999999999894e-05
71	24	1.4285714285714287e-05	0.0002496040543006345
71	59	1.4285714285714287e-05	0.00029205057442316325
71	60	1.4285714285714287e-05	0.00028838999025715455
72	35	1.4285714285714287e-05	0.00026191789895832116
72	36	1.4285714285714287e-05	0.0003001279605028339
72	71	1.4285714285714287e-05	0.0002577729059189592
72	73	1.4285714285714287e-05	0.0002579963895427128
72	83	1.4285714285714287e-05	0.000271008375833543
72	84	1.4285714285714287e-05	0.0003119415769295957
72	24	1.4285714285714287e-05	4.999999999999995e-05
72	25	1.4285714285714287e-05	0.0002498117757740167
72	60	1.4285714285714287e-05	0.0002768312787312187
72	61	1.4285714285714287e-05	0.00030374797760153124
73	36	1.4285714285714287e-05	0.00024940008284426535
73	37	1.4285714285714287e-05	0.0003286136064128678
73	72	1.4285714285714287e-05	0.0002579963895427128
73	74	1.4285714285714287e-05	0.0002582150542277745
73	84	1.4285714285714287e-05	0.00025755344930222514
73	85	1.4285714285714287e-05	0.0003423560562398148
73	25	1.4285714285714287e-05	5.0000000000000057e-05
73	26	1.4285714285714287e-05	0.0002500150251622237
73	61	1.4285714285714287e-05	0.00026699386949642363
73	62	1.4285714285714287e-05	0.00031745821899633475
74	37	1.4285714285714287e-05	0.00024349866230740904
74	73	1.4285714285714287e-05	0.0002582150542277745
74	75	1.4285714285714287e-05	0.00025843114587153056
74	85	1.4285714285714287e-05	0.00025120066911070145
74	26	1.4285714285714287e-05	4.999999999999991e-05
74	27	1.4285714285714287e-05	0.0002502158896649553
74	62	1.4285714285714287e-05	0.00026110375277358657
74	63	1.4285714285714287e-05	0.00032843842795436445
75	64	1.4285714285714287e-05	0.000336059096233367
75	37	1.4285714285714287e-05	0.0003305875368537899
75	38	1.4285714285714287e-05	0.0002492085063629422
75	74	1.4285714285714287e-05	0.00025843114587153056
75	76	1.4285714285714287e-05	0.0002586469181208832
75	85	1.4285714285714287e-05	0.00034446112427490114
75	86	1.4285714285714287e-05	0.00025734732182111083
75	27	1.4285714285714287e-05	5.000000000000001e-05
75	28	1.4285714285714287e-05	0.000250416463971696
75	63	1.4285714285714287e-05	0.00025785307998636
76	64	1.4285714285714287e-05	0.0002562269793324284
76	65	1.4285714285714287e-05	0.00033997086762944316
76	38	1.4285714285714287e-05	0.00029358515607559176
76	39	1.4285714285714287e-05	0.0002709116929698148
76	75	1.4285714285714287e-05	0.0002586469181208832
76	77	1.4285714285714287e-05	0.0002588647145817972
76	86	1.4285714285714287e-05	0.00030494488366830696
76	87	1.4285714285714287e-05	0.0002806602243674154
76	28	1.4285714285714287e-05	4.999999999999988e-05
76	29	1.4285714285714287e-05	0.0002506189266794584
77	65	1.4285714285714287e-05	0.0002555921028812554
77	66	1.4285714285714287e-05	0.00034000751085640663
77	39	1.4285714285714287e-05	0.0002609866475597005
77	40	1.4285714285714287e-05	0.0003104794815294898
77	76	1.4285714285714287e-05	0.0002588647145817972
77	78	1.4285714285714287e-05	0.000259087061373795
77	87	1.4285714285714287e-05	0.0002700082924744088
77	88	1.4285714285714287e-05	0.00032300242250694693
77	29	1.4285714285714287e-05	5.0000000000000057e-05
77	30	1.4285714285714287e-05	0.0002508256263506138
78	66	1.4285714285714287e-05	0.0002557326743057805
78	67	1.4285714285714287e-05	0.000336142177782988
78	40	1.4285714285714287e-05	0.0002425230041184392
78	77	1.4285714285714287e-05	0.000259087061373795
78	79	1.4285714285714287e-05	0.00025931677831916335
78	88	1.4285714285714287e-05	0.00025014974965371
78	30	1.4285714285714287e-05	5.000000000000017e-05
78	31	1.4285714285714287e-05	0.0002510391849214921
79	32	1.4285714285714287e-05	0.00025126262899352234
79	67	1.4285714285714287e-05	0.000256862966783719
79	68	1.4285714285714287e-05	0.0003284855873901759
79	40	1.4285714285714287e-05	0.0003318977490275442
79	41	1.4285714285714287e-05	0.0002514350959555714
79	78	1.4285714285714287e-05	0.00025931677831916335
79	80	1.4285714285714287e-05	0.00025955712008628276
79	88	1.4285714285714287e-05	0.00034585821727270904
79	89	1.4285714285714287e-05	0.00025974262363216255
79	31	1.4285714285714287e-05	4.999999999999997e-05
80	32	1.4285714285714287e-05	5.000000000000013e-05
80	33	1.4285714285714287e-05	0.0002514995643219161
80	68	1.4285714285714287e-05	0.00025962799644848206
80	69	1.4285714285714287e-05	0.0003173265161047217
80	41	1.4285714285714287e-05	0.00027710742702782826
80	42	1.4285714285714287e-05	0.00029557134683586906
80	79	1.4285714285714287e-05	0.00025955712008628276
80	81	1.4285714285714287e-05	0.00025981196374410994
80	89	1.4285714285714287e-05	0.0002873026397256288
80	90	1.4285714285714287e-05	0.00030706933902146166
81	33	1.4285714285714287e-05	5.000000000000011e-05
81	34	1.4285714285714287e-05	0.0002517544168478223
81	69	1.4285714285714287e-05	0.00026508021707970686
81	70	1.4285714285714287e-05	0.00030322743778239274
81	42	1.4285714285714287e-05	0.00024196340905406386
81	80	1.4285714285714287e-05	0.00025981196374410994
81	82	1.4285714285714287e-05	0.0002600860678108671
81	90	1.4285714285714287e-05	0.00024954690345384934
82	34	1.4285714285714287e-05	5.0000000000000016e-05
82	35	1.4285714285714287e-05	0.0002520327772756909
82	70	1.4285714285714287e-05	0.0002746004663020996
82	71	1.4285714285714287e-05	0.0002872019807016503
82	42	1.4285714285714287e-05	0.00033208956376458936
82	43	1.4285714285714287e-05	0.0002554032550206021
82	81	1.4285714285714287e-05	0.0002600860678108671
82	83	1.4285714285714287e-05	0.00026038544254687325
82	90	1.4285714285714287e-05	0.00034606274055654416
82	91	1.4285714285714287e-05	0.00026400930681221306
83	35	1.4285714285714287e-05	5.0000000000000036e-05
83	36	1.4285714285714287e-05	0.0002523419099909688
83	71	1.4285714285714287e-05	0.00028973284167346997
83	72	1.4285714285714287e-05	0.000271008375833543
83	43	1.4285714285714287e-05	0.0002610468030076878
83	44	1.4285714285714287e-05	0.0003301949154538445
83	82	1.4285714285714287e-05	0.00026038544254687325
83	84	1.4285714285714287e-05	0.00026071789679415336
83	91	1.4285714285714287e-05	0.0002700728983082047
83	92	1.4285714285714287e-05	0.0003440424427815259
84	36	1.4285714285714287e-05	4.999999999999994e-05
84	37	1.4285714285714287e-05	0.000252691529912637
84	72	1.4285714285714287e-05	0.0003119415769295957
84	73	1.4285714285714287e-05	0.00025755344930222514
84	44	1.4285714285714287e-05	0.00024002267469510146
84	83	1.4285714285714287e-05	0.00026071789679415336
84	85	1.4285714285714287e-05	0.0002610938726239391
84	92	1.4285714285714287e-05	0.0002474556848492507
85	37	1.4285714285714287e-05	5.0000000000000246e-05
85	38	1.4285714285714287e-05	0.0002530950308331301
85	73	1.4285714285714287e-05	0.0003423560562398148
85	74	1.4285714285714287e-05	0.00025120066911070145
85	75	1.4285714285714287e-05	0.00034446112427490114
85	44	1.4285714285714287e-05	0.00027754455421883035
85	45	1.4285714285714287e-05	0.00031984209721359604
85	84	1.4285714285714287e-05	0.0002610938726239391
85	86	1.4285714285714287e-05	0.0002615277649004086
85	92	1.4285714285714287e-05	0.0002877710887658399
85	93	1.4285714285714287e-05	0.0003329981100213157
86	38	1.4285714285714287e-05	4.9999999999999975e-05
86	39	1.4285714285714287e-05	0.00025357150479489915
86	75	1.4285714285714287e-05	0.00025734732182111083
86	76	1.4285714285714287e-05	0.00030494488366830696
86	45	1.4285714285714287e-05	0.00023585393835346931
86	85	1.4285714285714287e-05	0.0002615277649004086
86	87	1.4285714285714287e-05	0.0002620400903253579
86	93	1.4285714285714287e-05	0.0002429610856743252
87	39	1.4285714285714287e-05	4.999999999999994e-05
87	40	1.4285714285714287e-05	0.00025414921151269083
87	76	1.4285714285714287e-05	0.0002806602243674154
87	45	1.4285714285714287e-05	0.00026898090478902315
87	46	1.4285714285714287e-05	0.0003582933456626515
87	77	1.4285714285714287e-05	0.0002700082924744088
87	86	1.4285714285714287e-05	0.0002620400903253579
87	88	1.4285714285714287e-05	0.0002626612133793526
87	93	1.4285714285714287e-05	0.0002785891581625001
87	94	1.4285714285714287e-05	0.0003739787895740378
88	40	1.4285714285714287e-05	5.0000000000000016e-05
88	41	1.4285714285714287e-05	0.0002548718459293129
88	77	1.4285714285714287e-05	0.00032300242250694693
88	46	1.4285714285714287e-05	0.00025598245948236153
88	78	1.4285714285714287e-05	0.00025014974965371
88	79	1.4285714285714287e-05	0.00034585821727270904
88	87	1.4285714285714287e-05	0.0002626612133793526
88	89	1.4285714285714287e-05	0.0002634380758934852
88	94	1.4285714285714287e-05	0.00026463186077316047
89	41	1.4285714285714287e-05	4.999999999999997e-05
89	42	1.4285714285714287e-05	0.0002558105123553303
89	46	1.4285714285714287e-05	0.00022472502309763164
89	79	1.4285714285714287e-05	0.00025974262363216255
89	80	1.4285714285714287e-05	0.0002873026397256288
89	88	1.4285714285714287e-05	0.0002634380758934852
89	90	1.4285714285714287e-05	0.00026444705042681145
89	94	1.4285714285714287e-05	0.0002309433215849752
90	42	1.4285714285714287e-05	5.000000000000008e-05
90	43	1.4285714285714287e-05	0.000257087904828403
90	46	1.4285714285714287e-05	0.00029056469777960725
90	47	1.4285714285714287e-05	0.00031344007537496523
90	80	1.4285714285714287e-05	0.00030706933902146166
90	81	1.4285714285714287e-05	0.00024954690345384934
90	82	1.4285714285714287e-05	0.00034606274055654416
90	89	1.4285714285714287e-05	0.00026444705042681145
90	91	1.4285714285714287e-05	0.0002658198864081927
90	94	1.4285714285714287e-05	0.00030171333634530675
90	95	1.4285714285714287e-05	0.00032616403652672114
91	43	1.4285714285714287e-05	4.9999999999999684e-05
91	44	1.4285714285714287e-05	0.00025892797555930006
91	47	1.4285714285714287e-05	0.00028123965702022004
91	82	1.4285714285714287e-05	0.00026400930681221306
91	83	1.4285714285714287e-05	0.0002700728983082047
91	90	1.4285714285714287e-05	0.0002658198864081927
91	92	1.4285714285714287e-05	0.00026779697228235656
91	95	1.4285714285714287e-05	0.00029172998299578905
92	44	1.4285714285714287e-05	5.0000000000000057e-05
92	45	1.4285714285714287e-05	0.0002617248491449299
92	47	1.4285714285714287e-05	0.00024484037353067055
92	83	1.4285714285714287e-05	0.0003440424427815259
92	84	1.4285714285714287e-05	0.0002474556848492507
92	85	1.4285714285714287e-05	0.0002877710887658399
92	91	1.4285714285714287e-05	0.00026779697228235656
92	93	1.4285714285714287e-05	0.00027080106814974045
92	95	1.4285714285714287e-05	0.00025264557631995564
93	45	1.4285714285714287e-05	5.0000000000000057e-05
93	46	1.4285714285714287e-05	0.0002650472536974619
93	47	1.4285714285714287e-05	0.00020198483195632644
93	85	1.4285714285714287e-05	0.0003329981100213157
93	86	1.4285714285714287e-05	0.0002429610856743252
93	87	1.4285714285714287e-05	0.0002785891581625001
93	92	1.4285714285714287e-05	0.00027080106814974045
93	94	1.4285714285714287e-05	0.0002743680550982701
93	95	1.4285714285714287e-05	0.0002062842492517585
94	46	1.4285714285714287e-05	5.000000000000001e-05
94	47	1.4285714285714287e-05	0.00014713577461043515
94	87	1.4285714285714287e-05	0.0003739787895740378
94	88	1.4285714285714287e-05	0.00026463186077316047
94	89	1.4285714285714287e-05	0.0002309433215849752
94	90	1.4285714285714287e-05	0.00030171333634530675
94	93	1.4285714285714287e-05	0.0002743680550982701
94	95	1.4285714285714287e-05	0.0001458649914978946
95	47	1.4285714285714287e-05	5e-05
95	90	1.4285714285714287e-05	0.00032616403652672114
95	91	1.4285714285714287e-05	0.00029172998299578905
95	92	1.4285714285714287e-05	0.00025264557631995564
95	93	1.4285714285714287e-05	0.0002062842492517585
95	94	1.4285714285714287e-05	0.0001458649914978946
